Workbook

Sheet RECAP
B1: ANNEE | C1: =Données!D2 -> Janvier | D1: =Données!D3 -> Février | E1: =Données!D4 -> Mars | F1: =Données!D5 -> Avril | G1: =Données!D6 -> Mai | H1: =Données!D7 -> Juin | I1: =Données!D8 -> Juillet | J1: =Données!D9 -> Août | K1: =Données!D10 -> Septembre | L1: =Données!D11 -> Octobre | M1: =Données!D12 -> Novembre | N1: =Données!D13 -> Décembre
A2: =SUMIFS(MISSIONS!$AH$3:$AH$2094,MISSIONS!$I$3:$I$2094,A$1) -> 0
A3: CA Generé | B3: =SUM(C3:N3) -> 276915 | C3: =SUMIFS(MISSIONS!$J$3:$J$2096,MISSIONS!$I$3:$I$2096,C$1) -> 16154 | D3: =SUMIFS(MISSIONS!$J$3:$J$2096,MISSIONS!$I$3:$I$2096,D$1) -> 13164 | E3: =SUMIFS(MISSIONS!$J$3:$J$2096,MISSIONS!$I$3:$I$2096,E$1) -> 14514 | F3: =SUMIFS(MISSIONS!$J$3:$J$2096,MISSIONS!$I$3:$I$2096,F$1) -> 12498 | G3: =SUMIFS(MISSIONS!$J$3:$J$2096,MISSIONS!$I$3:$I$2096,G$1) -> 14713 | H3: =SUMIFS(MISSIONS!$J$3:$J$2096,MISSIONS!$I$3:$I$2096,H$1) -> 15782 | I3: =SUMIFS(MISSIONS!$J$3:$J$2096,MISSIONS!$I$3:$I$2096,I$1) -> 15464 | J3: =SUMIFS(MISSIONS!$J$3:$J$2096,MISSIONS!$I$3:$I$2096,J$1) -> 13328 | ... N3: =SUMIFS(MISSIONS!$J$3:$J$2096,MISSIONS!$I$3:$I$2096,N$1) -> 41140
A4: CA Total | B4: =SUM(C4:N4) -> 128171 | C4: =SUMIFS(MISSIONS!$L$3:$L$2096,MISSIONS!$I$3:$I$2096,C$1) -> 6881 | D4: =SUMIFS(MISSIONS!$L$3:$L$2096,MISSIONS!$I$3:$I$2096,D$1) -> 6582 | E4: =SUMIFS(MISSIONS!$L$3:$L$2096,MISSIONS!$I$3:$I$2096,E$1) -> 7507 | F4: =SUMIFS(MISSIONS!$L$3:$L$2096,MISSIONS!$I$3:$I$2096,F$1) -> 5893 | G4: =SUMIFS(MISSIONS!$L$3:$L$2096,MISSIONS!$I$3:$I$2096,G$1) -> 7773 | H4: =SUMIFS(MISSIONS!$L$3:$L$2096,MISSIONS!$I$3:$I$2096,H$1) -> 8885 | I4: =SUMIFS(MISSIONS!$L$3:$L$2096,MISSIONS!$I$3:$I$2096,I$1) -> 8232 | J4: =SUMIFS(MISSIONS!$L$3:$L$2096,MISSIONS!$I$3:$I$2096,J$1) -> 6664 | ... N4: =SUMIFS(MISSIONS!$L$3:$L$2096,MISSIONS!$I$3:$I$2096,N$1) -> 20570
A5: CA Payé | B5: =SUM(C5:N5) -> 82739 | C5: =SUMIFS(MISSIONS!$M$3:$M$2096,MISSIONS!$I$3:$I$2096,C$1) -> 6321 | D5: =SUMIFS(MISSIONS!$M$3:$M$2096,MISSIONS!$I$3:$I$2096,D$1) -> 6232 | E5: =SUMIFS(MISSIONS!$M$3:$M$2096,MISSIONS!$I$3:$I$2096,E$1) -> 7507 | F5: =SUMIFS(MISSIONS!$M$3:$M$2096,MISSIONS!$I$3:$I$2096,F$1) -> 5893 | G5: =SUMIFS(MISSIONS!$M$3:$M$2096,MISSIONS!$I$3:$I$2096,G$1) -> 7773 | H5: =SUMIFS(MISSIONS!$M$3:$M$2096,MISSIONS!$I$3:$I$2096,H$1) -> 8885 | I5: =SUMIFS(MISSIONS!$M$3:$M$2096,MISSIONS!$I$3:$I$2096,I$1) -> 8232 | J5: =SUMIFS(MISSIONS!$M$3:$M$2096,MISSIONS!$I$3:$I$2096,J$1) -> 6664 | ... N5: =SUMIFS(MISSIONS!$M$3:$M$2096,MISSIONS!$I$3:$I$2096,N$1) -> 180
A7: Frais
A8: Provision Charges | B8: =SUM(C8:N8) -> 6614.9 | C8: =SUMIFS(MISSIONS!$P$3:$P$2119,MISSIONS!$I$3:$I$2119,C$1) -> 621.8 | D8: =SUMIFS(MISSIONS!$P$3:$P$2119,MISSIONS!$I$3:$I$2119,D$1) -> 621.8 | E8: =SUMIFS(MISSIONS!$P$3:$P$2119,MISSIONS!$I$3:$I$2119,E$1) -> 699.7 | F8: =SUMIFS(MISSIONS!$P$3:$P$2119,MISSIONS!$I$3:$I$2119,F$1) -> 579.4 | G8: =SUMIFS(MISSIONS!$P$3:$P$2119,MISSIONS!$I$3:$I$2119,G$1) -> 693.4 | H8: =SUMIFS(MISSIONS!$P$3:$P$2119,MISSIONS!$I$3:$I$2119,H$1) -> 609.6 | I8: =SUMIFS(MISSIONS!$P$3:$P$2119,MISSIONS!$I$3:$I$2119,I$1) -> 723.2 | J8: =SUMIFS(MISSIONS!$P$3:$P$2119,MISSIONS!$I$3:$I$2119,J$1) -> 666.4 | ... N8: =SUMIFS(MISSIONS!$P$3:$P$2119,MISSIONS!$I$3:$I$2119,N$1) -> 9
A11: Compta Kdekom | B11: =SUM(C11:N11) -> 1104 | C11: 92 | D11: =C11 -> 92 | E11: =D11 -> 92 | F11: =E11 -> 92 | G11: =F11 -> 92 | H11: =G11 -> 92 | I11: =H11 -> 92 | J11: =I11 -> 92 | K11: =J11 -> 92 | ... N11: =M11 -> 92
A12: Dom | B12: =SUM(C12:N12) -> 720 | C12: 60 | D12: =C12 -> 60 | E12: =D12 -> 60 | F12: =E12 -> 60 | G12: =F12 -> 60 | H12: =G12 -> 60 | I12: =H12 -> 60 | J12: =I12 -> 60 | K12: =J12 -> 60 | ... N12: =M12 -> 60
A13: Téléphone | B13: =SUM(C13:N13) -> 108 | C13: 9 | D13: =C13 -> 9 | E13: =D13 -> 9 | F13: =E13 -> 9 | G13: =F13 -> 9 | H13: =G13 -> 9 | I13: =H13 -> 9 | J13: =I13 -> 9 | K13: =J13 -> 9 | ... N13: =M13 -> 9
A14: Quicbooks | B14: =SUM(C14:N14) -> 180 | C14: 15 | D14: =C14 -> 15 | E14: =D14 -> 15 | F14: =E14 -> 15 | G14: =F14 -> 15 | H14: =G14 -> 15 | I14: =H14 -> 15 | J14: =I14 -> 15 | K14: =J14 -> 15 | ... N14: =M14 -> 15
A15: Wize | B15: =SUM(C15:N15) -> 50.4 | C15: 4.2 | D15: =C15 -> 4.2 | E15: =D15 -> 4.2 | F15: =E15 -> 4.2 | G15: =F15 -> 4.2 | H15: =G15 -> 4.2 | I15: =H15 -> 4.2 | J15: =I15 -> 4.2 | K15: =J15 -> 4.2 | ... N15: =M15 -> 4.2
A16: Google | B16: =SUM(C16:N16) -> 90 | C16: 7.5 | D16: =C16 -> 7.5 | E16: =D16 -> 7.5 | F16: =E16 -> 7.5 | G16: =F16 -> 7.5 | H16: =G16 -> 7.5 | I16: =H16 -> 7.5 | J16: =I16 -> 7.5 | K16: =J16 -> 7.5 | ... N16: =M16 -> 7.5
A17: Amazon | B17: =SUM(C17:N17) -> 96 | C17: 8 | D17: =C17 -> 8 | E17: =D17 -> 8 | F17: =E17 -> 8 | G17: =F17 -> 8 | H17: =G17 -> 8 | I17: =H17 -> 8 | J17: =I17 -> 8 | K17: =J17 -> 8 | ... N17: =M17 -> 8
A19: =MISSIONS!AU2 -> Reliquat | B19: =SUM(C19:N19) -> 10873.644 | C19: =SUMIFS(MISSIONS!$AU$3:$AU$2119,MISSIONS!$I$3:$I$2119,C$1) -> 106.62256 | D19: =SUMIFS(MISSIONS!$AU$3:$AU$2119,MISSIONS!$I$3:$I$2119,D$1) -> 105.73256 | E19: =SUMIFS(MISSIONS!$AU$3:$AU$2119,MISSIONS!$I$3:$I$2119,E$1) -> 117.84964 | F19: =SUMIFS(MISSIONS!$AU$3:$AU$2119,MISSIONS!$I$3:$I$2119,F$1) -> 98.670915 | G19: =SUMIFS(MISSIONS!$AU$3:$AU$2119,MISSIONS!$I$3:$I$2119,G$1) -> 949.10359 | H19: =SUMIFS(MISSIONS!$AU$3:$AU$2119,MISSIONS!$I$3:$I$2119,H$1) -> 2811.1024 | I19: =SUMIFS(MISSIONS!$AU$3:$AU$2119,MISSIONS!$I$3:$I$2119,I$1) -> 181.62791 | J19: =SUMIFS(MISSIONS!$AU$3:$AU$2119,MISSIONS!$I$3:$I$2119,J$1) -> 166.72554 | ... N19: =SUMIFS(MISSIONS!$AU$3:$AU$2119,MISSIONS!$I$3:$I$2119,N$1) -> 1.2303
A20: Reste | B20: =SUM(C20:N20) -> 15140.144 | C20: =C8-SUM(C11:C17)+C19 -> 532.72256 | D20: =D8-SUM(D11:D17)+D19 -> 531.83256 | E20: =E8-SUM(E11:E17)+E19 -> 621.84964 | F20: =F8-SUM(F11:F17)+F19 -> 482.37092 | G20: =G8-SUM(G11:G17)+G19 -> 1446.8036 | H20: =H8-SUM(H11:H17)+H19 -> 3225.0024 | I20: =I8-SUM(I11:I17)+I19 -> 709.12791 | J20: =J8-SUM(J11:J17)+J19 -> 637.42554 | ... N20: =N8-SUM(N11:N17)+N19 -> -185.4697
A22: =MISSIONS!S2 -> Ml | B22: =SUM(C22:N22)+O22 -> 2643.9411 | C22: =SUMIFS(MISSIONS!$S$3:$S$2094,MISSIONS!$I$3:$I$2094,C$1) -> 196.7616 | D22: =SUMIFS(MISSIONS!$S$3:$S$2094,MISSIONS!$I$3:$I$2094,D$1) -> 196.7616 | E22: =SUMIFS(MISSIONS!$S$3:$S$2094,MISSIONS!$I$3:$I$2094,E$1) -> 246.5408 | F22: =SUMIFS(MISSIONS!$S$3:$S$2094,MISSIONS!$I$3:$I$2094,F$1) -> 199.1424 | G22: =SUMIFS(MISSIONS!$S$3:$S$2094,MISSIONS!$I$3:$I$2094,G$1) -> 250.1248 | H22: =SUMIFS(MISSIONS!$S$3:$S$2094,MISSIONS!$I$3:$I$2094,H$1) -> 205.6112 | I22: =SUMIFS(MISSIONS!$S$3:$S$2094,MISSIONS!$I$3:$I$2094,I$1) -> 271.4362 | J22: =SUMIFS(MISSIONS!$S$3:$S$2094,MISSIONS!$I$3:$I$2094,J$1) -> 295.281 | ... N22: =SUMIFS(MISSIONS!$S$3:$S$2094,MISSIONS!$I$3:$I$2094,N$1) -> 11.97
A23: =MISSIONS!T2 -> Lt | B23: =SUM(C23:N23)+O23 -> 1441.7463 | C23: =SUMIFS(MISSIONS!$T$3:$T$2094,MISSIONS!$I$3:$I$2094,C$1) -> 152.24832 | D23: =SUMIFS(MISSIONS!$T$3:$T$2094,MISSIONS!$I$3:$I$2094,D$1) -> 152.24832 | E23: =SUMIFS(MISSIONS!$T$3:$T$2094,MISSIONS!$I$3:$I$2094,E$1) -> 402.36736 | F23: =SUMIFS(MISSIONS!$T$3:$T$2094,MISSIONS!$I$3:$I$2094,F$1) -> 132.61056 | G23: =SUMIFS(MISSIONS!$T$3:$T$2094,MISSIONS!$I$3:$I$2094,G$1) -> 132.7296 | H23: =SUMIFS(MISSIONS!$T$3:$T$2094,MISSIONS!$I$3:$I$2094,H$1) -> 132.96768 | I23: =SUMIFS(MISSIONS!$T$3:$T$2094,MISSIONS!$I$3:$I$2094,I$1) -> 149.58864 | J23: =SUMIFS(MISSIONS!$T$3:$T$2094,MISSIONS!$I$3:$I$2094,J$1) -> 186.9858 | ... N23: =SUMIFS(MISSIONS!$T$3:$T$2094,MISSIONS!$I$3:$I$2094,N$1) -> 0
A24: =MISSIONS!Z2 -> Fred | B24: =SUM(C24:N24)+O24 -> 56506.911 | C24: =SUMIFS(MISSIONS!$Z$3:$Z$2094,MISSIONS!$I$3:$I$2094,C$1) -> 5065.006 | D24: =SUMIFS(MISSIONS!$Z$3:$Z$2094,MISSIONS!$I$3:$I$2094,D$1) -> 4990.246 | E24: =SUMIFS(MISSIONS!$Z$3:$Z$2094,MISSIONS!$I$3:$I$2094,E$1) -> 5584.5716 | F24: =SUMIFS(MISSIONS!$Z$3:$Z$2094,MISSIONS!$I$3:$I$2094,F$1) -> 4697.6629 | G24: =SUMIFS(MISSIONS!$Z$3:$Z$2094,MISSIONS!$I$3:$I$2094,G$1) -> 5511.7361 | H24: =SUMIFS(MISSIONS!$Z$3:$Z$2094,MISSIONS!$I$3:$I$2094,H$1) -> 5116.1334 | I24: =SUMIFS(MISSIONS!$Z$3:$Z$2094,MISSIONS!$I$3:$I$2094,I$1) -> 6978.8156 | J24: =SUMIFS(MISSIONS!$Z$3:$Z$2094,MISSIONS!$I$3:$I$2094,J$1) -> 5162.3266 | ... N24: =SUMIFS(MISSIONS!$Z$3:$Z$2094,MISSIONS!$I$3:$I$2094,N$1) -> 95.9634
A25: =MISSIONS!AB2 -> Eric | B25: =SUM(C25:N25)+O25 -> 1593.8936 | C25: =SUMIFS(MISSIONS!$AB$3:$AB$2094,MISSIONS!$I$3:$I$2094,C$1)+C38 -> 13.35 | D25: =SUMIFS(MISSIONS!$AB$3:$AB$2094,MISSIONS!$I$3:$I$2094,D$1)+D38 -> 0 | E25: =SUMIFS(MISSIONS!$AB$3:$AB$2094,MISSIONS!$I$3:$I$2094,E$1)+E38 -> 0 | F25: =SUMIFS(MISSIONS!$AB$3:$AB$2094,MISSIONS!$I$3:$I$2094,F$1)+F38 -> 13.35 | G25: =SUMIFS(MISSIONS!$AB$3:$AB$2094,MISSIONS!$I$3:$I$2094,G$1)+G38 -> 0 | H25: =SUMIFS(MISSIONS!$AB$3:$AB$2094,MISSIONS!$I$3:$I$2094,H$1)+H38 -> 13.35 | I25: =SUMIFS(MISSIONS!$AB$3:$AB$2094,MISSIONS!$I$3:$I$2094,I$1)+I38 -> 0 | J25: =SUMIFS(MISSIONS!$AB$3:$AB$2094,MISSIONS!$I$3:$I$2094,J$1)+J38 -> 228.4659 | ... N25: =SUMIFS(MISSIONS!$AB$3:$AB$2094,MISSIONS!$I$3:$I$2094,N$1)+N38 -> 18.4545
A26: =MISSIONS!AD2 -> Boom | B26: =SUM(C26:N26)+O26 -> 284.36262 | C26: =SUMIFS(MISSIONS!$AD$3:$AD$2094,MISSIONS!$I$3:$I$2094,C$1) -> 0 | D26: =SUMIFS(MISSIONS!$AD$3:$AD$2094,MISSIONS!$I$3:$I$2094,D$1) -> 0 | E26: =SUMIFS(MISSIONS!$AD$3:$AD$2094,MISSIONS!$I$3:$I$2094,E$1) -> 0 | F26: =SUMIFS(MISSIONS!$AD$3:$AD$2094,MISSIONS!$I$3:$I$2094,F$1) -> 0 | G26: =SUMIFS(MISSIONS!$AD$3:$AD$2094,MISSIONS!$I$3:$I$2094,G$1) -> 0 | H26: =SUMIFS(MISSIONS!$AD$3:$AD$2094,MISSIONS!$I$3:$I$2094,H$1) -> 0 | I26: =SUMIFS(MISSIONS!$AD$3:$AD$2094,MISSIONS!$I$3:$I$2094,I$1) -> 0 | J26: =SUMIFS(MISSIONS!$AD$3:$AD$2094,MISSIONS!$I$3:$I$2094,J$1) -> 0 | ... N26: =SUMIFS(MISSIONS!$AD$3:$AD$2094,MISSIONS!$I$3:$I$2094,N$1) -> 7.3818
A27: =MISSIONS!AF2 -> Damien | B27: =SUM(C27:N27)+O27 -> 0 | C27: =SUMIFS(MISSIONS!$AF$3:$AF$2094,MISSIONS!$I$3:$I$2094,C$1) -> 0 | D27: =SUMIFS(MISSIONS!$AF$3:$AF$2094,MISSIONS!$I$3:$I$2094,D$1) -> 0 | E27: =SUMIFS(MISSIONS!$AF$3:$AF$2094,MISSIONS!$I$3:$I$2094,E$1) -> 0 | F27: =SUMIFS(MISSIONS!$AF$3:$AF$2094,MISSIONS!$I$3:$I$2094,F$1) -> 0 | G27: =SUMIFS(MISSIONS!$AF$3:$AF$2094,MISSIONS!$I$3:$I$2094,G$1) -> 0 | H27: =SUMIFS(MISSIONS!$AF$3:$AF$2094,MISSIONS!$I$3:$I$2094,H$1) -> 0 | I27: =SUMIFS(MISSIONS!$AF$3:$AF$2094,MISSIONS!$I$3:$I$2094,I$1) -> 0 | J27: =SUMIFS(MISSIONS!$AF$3:$AF$2094,MISSIONS!$I$3:$I$2094,J$1) -> 0 | ... N27: =SUMIFS(MISSIONS!$AF$3:$AF$2094,MISSIONS!$I$3:$I$2094,N$1) -> 0
A28: =MISSIONS!AH2 -> Maitre | B28: =SUM(C28:N28)+O28 -> 0 | C28: =SUMIFS(MISSIONS!$AH$3:$AH$2094,MISSIONS!$I$3:$I$2094,C$1) -> 0 | D28: =SUMIFS(MISSIONS!$AH$3:$AH$2094,MISSIONS!$I$3:$I$2094,D$1) -> 0 | E28: =SUMIFS(MISSIONS!$AH$3:$AH$2094,MISSIONS!$I$3:$I$2094,E$1) -> 0 | F28: =SUMIFS(MISSIONS!$AH$3:$AH$2094,MISSIONS!$I$3:$I$2094,F$1) -> 0 | I28: =SUMIFS(MISSIONS!$AH$3:$AH$2094,MISSIONS!$I$3:$I$2094,I$1) -> 0 | L28: =SUMIFS(MISSIONS!$AH$3:$AH$2094,MISSIONS!$I$3:$I$2094,L$1) -> 0 | M28: =SUMIFS(MISSIONS!$AH$3:$AH$2094,MISSIONS!$I$3:$I$2094,M$1) -> 0 | N28: =SUMIFS(MISSIONS!$AH$3:$AH$2094,MISSIONS!$I$3:$I$2094,N$1) -> 0
A29: =MISSIONS!AJ2 -> x | B29: =SUM(C29:N29)+O29 -> 0 | C29: =SUMIFS(MISSIONS!$AJ$3:$AJ$2094,MISSIONS!$I$3:$I$2094,C$1) -> 0 | D29: =SUMIFS(MISSIONS!$AJ$3:$AJ$2094,MISSIONS!$I$3:$I$2094,D$1) -> 0 | E29: =SUMIFS(MISSIONS!$AJ$3:$AJ$2094,MISSIONS!$I$3:$I$2094,E$1) -> 0 | F29: =SUMIFS(MISSIONS!$AJ$3:$AJ$2094,MISSIONS!$I$3:$I$2094,F$1) -> 0 | G29: =SUMIFS(MISSIONS!$AJ$3:$AJ$2094,MISSIONS!$I$3:$I$2094,G$1) -> 0 | H29: =SUMIFS(MISSIONS!$AJ$3:$AJ$2094,MISSIONS!$I$3:$I$2094,H$1) -> 0 | I29: =SUMIFS(MISSIONS!$AJ$3:$AJ$2094,MISSIONS!$I$3:$I$2094,I$1) -> 0 | J29: =SUMIFS(MISSIONS!$AJ$3:$AJ$2094,MISSIONS!$I$3:$I$2094,J$1) -> 0 | ... N29: =SUMIFS(MISSIONS!$AJ$3:$AJ$2094,MISSIONS!$I$3:$I$2094,N$1) -> 0
A30: =MISSIONS!AL2 -> x | B30: =SUM(C30:N30)+O30 -> 0 | C30: =SUMIFS(MISSIONS!$AL$3:$AL$2094,MISSIONS!$I$3:$I$2094,C$1)+C40 -> 0 | D30: =SUMIFS(MISSIONS!$AL$3:$AL$2094,MISSIONS!$I$3:$I$2094,D$1)+D40 -> 0 | E30: =SUMIFS(MISSIONS!$AL$3:$AL$2094,MISSIONS!$I$3:$I$2094,E$1)+E40 -> 0 | F30: =SUMIFS(MISSIONS!$AL$3:$AL$2094,MISSIONS!$I$3:$I$2094,F$1)+F40 -> 0 | G30: =SUMIFS(MISSIONS!$AL$3:$AL$2094,MISSIONS!$I$3:$I$2094,G$1)+G40 -> 0 | H30: =SUMIFS(MISSIONS!$AL$3:$AL$2094,MISSIONS!$I$3:$I$2094,H$1)+H40 -> 0 | I30: =SUMIFS(MISSIONS!$AL$3:$AL$2094,MISSIONS!$I$3:$I$2094,I$1)+I40 -> 0 | J30: =SUMIFS(MISSIONS!$AL$3:$AL$2094,MISSIONS!$I$3:$I$2094,J$1)+J40 -> 0 | ... N30: =SUMIFS(MISSIONS!$AL$3:$AL$2094,MISSIONS!$I$3:$I$2094,N$1)+N40 -> 0
A31: =MISSIONS!AN2 -> x | B31: =SUM(C31:N31)+O31 -> 0 | C31: =SUMIFS(MISSIONS!$AP$3:$AP$2094,MISSIONS!$I$3:$I$2094,C$1) -> 0 | D31: =SUMIFS(MISSIONS!$AN$3:$AN$2094,MISSIONS!$I$3:$I$2094,D$1) -> 0 | E31: =SUMIFS(MISSIONS!$AN$3:$AN$2094,MISSIONS!$I$3:$I$2094,E$1) -> 0 | F31: =SUMIFS(MISSIONS!$AN$3:$AN$2094,MISSIONS!$I$3:$I$2094,F$1) -> 0 | G31: =SUMIFS(MISSIONS!$AN$3:$AN$2094,MISSIONS!$I$3:$I$2094,G$1) -> 0 | H31: =SUMIFS(MISSIONS!$AN$3:$AN$2094,MISSIONS!$I$3:$I$2094,H$1) -> 0 | I31: =SUMIFS(MISSIONS!$AN$3:$AN$2094,MISSIONS!$I$3:$I$2094,I$1) -> 0 | J31: =SUMIFS(MISSIONS!$AN$3:$AN$2094,MISSIONS!$I$3:$I$2094,J$1) -> 0 | K31: =SUMIFS(MISSIONS!$AN$3:$AN$2094,MISSIONS!$I$3:$I$2094,K$1) -> 0 | ... N31: =SUMIFS(MISSIONS!$AN$3:$AN$2094,MISSIONS!$I$3:$I$2094,N$1) -> 0
A32: =MISSIONS!AP2 -> x | B32: =SUM(C32:N32)+O32 -> 0 | C32: =SUMIFS(MISSIONS!$AP$3:$AP$2094,MISSIONS!$I$3:$I$2094,C$1) -> 0 | D32: =SUMIFS(MISSIONS!$AP$3:$AP$2094,MISSIONS!$I$3:$I$2094,D$1) -> 0 | E32: =SUMIFS(MISSIONS!$AP$3:$AP$2094,MISSIONS!$I$3:$I$2094,E$1) -> 0 | F32: =SUMIFS(MISSIONS!$AP$3:$AP$2094,MISSIONS!$I$3:$I$2094,F$1) -> 0 | G32: =SUMIFS(MISSIONS!$AP$3:$AP$2094,MISSIONS!$I$3:$I$2094,G$1) -> 0 | H32: =SUMIFS(MISSIONS!$AP$3:$AP$2094,MISSIONS!$I$3:$I$2094,H$1) -> 0 | I32: =SUMIFS(MISSIONS!$AP$3:$AP$2094,MISSIONS!$I$3:$I$2094,I$1) -> 0 | J32: =SUMIFS(MISSIONS!$AP$3:$AP$2094,MISSIONS!$I$3:$I$2094,J$1) -> 0 | ... N32: =SUMIFS(MISSIONS!$AP$3:$AP$2094,MISSIONS!$I$3:$I$2094,N$1) -> 0
A33: =MISSIONS!AR2 -> x | B33: =SUM(C33:N33)+O33 -> 0 | C33: =SUMIFS(MISSIONS!$AR$3:$AR$2094,MISSIONS!$I$3:$I$2094,C$1) -> 0 | D33: =SUMIFS(MISSIONS!$AR$3:$AR$2094,MISSIONS!$I$3:$I$2094,D$1) -> 0 | E33: =SUMIFS(MISSIONS!$AR$3:$AR$2094,MISSIONS!$I$3:$I$2094,E$1) -> 0 | F33: =SUMIFS(MISSIONS!$AR$3:$AR$2094,MISSIONS!$I$3:$I$2094,F$1) -> 0 | G33: =SUMIFS(MISSIONS!$AR$3:$AR$2094,MISSIONS!$I$3:$I$2094,G$1) -> 0 | H33: =SUMIFS(MISSIONS!$AR$3:$AR$2094,MISSIONS!$I$3:$I$2094,H$1) -> 0 | I33: =SUMIFS(MISSIONS!$AR$3:$AR$2094,MISSIONS!$I$3:$I$2094,I$1) -> 0 | J33: =SUMIFS(MISSIONS!$AR$3:$AR$2094,MISSIONS!$I$3:$I$2094,J$1) -> 0 | ... M33: =SUMIFS(MISSIONS!$AR$3:$AR$2094,MISSIONS!$I$3:$I$2094,M$1) -> 0
A35: Reste | B35: =SUM(C35:N35) -> 17919.745 | C35: =C5-SUM(C10:C17)-SUM(C22:C33) -> 697.93408 | D35: =D5-SUM(D10:D17)-SUM(D22:D33) -> 697.04408 | E35: =E5-SUM(E10:E17)-SUM(E22:E33) -> 1077.8202 | F35: =F5-SUM(F10:F17)-SUM(F22:F33) -> 654.53412 | G35: =G5-SUM(G10:G17)-SUM(G22:G33) -> 1682.7095 | H35: =H5-SUM(H10:H17)-SUM(H22:H33) -> 3221.2377 | I35: =I5-SUM(I10:I17)-SUM(I22:I33) -> 636.45957 | J35: =J5-SUM(J10:J17)-SUM(J22:J33) -> 595.24074 | ... N35: =N5-SUM(N10:N17)-SUM(N22:N33) -> -149.4697
A37: APPORTEURS
A38: =Données!$A2 -> Eric A | B38: =SUM(C38:N38) -> 0 | C38: =SUMIFS(MISSIONS!$B$3:$B$2094,MISSIONS!$I$3:$I$2094,C$1,MISSIONS!$A$3:$A$2094,Données!$A2)+ SUMIFS(MISSIONS!$D$3:$D$2094,MISSIONS!$I$3:$I$2094,C$1,MISSIONS!$C$3:$C$2094,Données!$A2) -> 0 | D38: =SUMIFS(MISSIONS!$B$3:$B$2094,MISSIONS!$I$3:$I$2094,D$1,MISSIONS!$A$3:$A$2094,Données!$A2)+ SUMIFS(MISSIONS!$D$3:$D$2094,MISSIONS!$I$3:$I$2094,D$1,MISSIONS!$C$3:$C$2094,Données!$A2) -> 0 | E38: =SUMIFS(MISSIONS!$B$3:$B$2094,MISSIONS!$I$3:$I$2094,E$1,MISSIONS!$A$3:$A$2094,Données!$A2)+ SUMIFS(MISSIONS!$D$3:$D$2094,MISSIONS!$I$3:$I$2094,E$1,MISSIONS!$C$3:$C$2094,Données!$A2) -> 0 | F38: =SUMIFS(MISSIONS!$B$3:$B$2094,MISSIONS!$I$3:$I$2094,F$1,MISSIONS!$A$3:$A$2094,Données!$A2)+ SUMIFS(MISSIONS!$D$3:$D$2094,MISSIONS!$I$3:$I$2094,F$1,MISSIONS!$C$3:$C$2094,Données!$A2) -> 0 | G38: =SUMIFS(MISSIONS!$B$3:$B$2094,MISSIONS!$I$3:$I$2094,G$1,MISSIONS!$A$3:$A$2094,Données!$A2)+ SUMIFS(MISSIONS!$D$3:$D$2094,MISSIONS!$I$3:$I$2094,G$1,MISSIONS!$C$3:$C$2094,Données!$A2) -> 0 | H38: =SUMIFS(MISSIONS!$B$3:$B$2094,MISSIONS!$I$3:$I$2094,H$1,MISSIONS!$A$3:$A$2094,Données!$A2)+ SUMIFS(MISSIONS!$D$3:$D$2094,MISSIONS!$I$3:$I$2094,H$1,MISSIONS!$C$3:$C$2094,Données!$A2) -> 0 | I38: =SUMIFS(MISSIONS!$B$3:$B$2094,MISSIONS!$I$3:$I$2094,I$1,MISSIONS!$A$3:$A$2094,Données!$A2)+ SUMIFS(MISSIONS!$D$3:$D$2094,MISSIONS!$I$3:$I$2094,I$1,MISSIONS!$C$3:$C$2094,Données!$A2) -> 0 | J38: =SUMIFS(MISSIONS!$B$3:$B$2094,MISSIONS!$I$3:$I$2094,J$1,MISSIONS!$A$3:$A$2094,Données!$A2)+ SUMIFS(MISSIONS!$D$3:$D$2094,MISSIONS!$I$3:$I$2094,J$1,MISSIONS!$C$3:$C$2094,Données!$A2) -> 0 | ... N38: =SUMIFS(MISSIONS!$B$3:$B$2094,MISSIONS!$I$3:$I$2094,N$1,MISSIONS!$A$3:$A$2094,Données!$A2)+ SUMIFS(MISSIONS!$D$3:$D$2094,MISSIONS!$I$3:$I$2094,N$1,MISSIONS!$C$3:$C$2094,Données!$A2) -> 0
A39: =Données!$A3 -> Fred | B39: =SUM(C39:N39) -> 0 | C39: =SUMIFS(MISSIONS!$B$3:$B$2094,MISSIONS!$I$3:$I$2094,C$1,MISSIONS!$A$3:$A$2094,Données!$A3)+ SUMIFS(MISSIONS!$D$3:$D$2094,MISSIONS!$I$3:$I$2094,C$1,MISSIONS!$C$3:$C$2094,Données!$A3) -> 0 | D39: =SUMIFS(MISSIONS!$B$3:$B$2094,MISSIONS!$I$3:$I$2094,D$1,MISSIONS!$A$3:$A$2094,Données!$A3)+ SUMIFS(MISSIONS!$D$3:$D$2094,MISSIONS!$I$3:$I$2094,D$1,MISSIONS!$C$3:$C$2094,Données!$A3) -> 0 | E39: =SUMIFS(MISSIONS!$B$3:$B$2094,MISSIONS!$I$3:$I$2094,E$1,MISSIONS!$A$3:$A$2094,Données!$A3)+ SUMIFS(MISSIONS!$D$3:$D$2094,MISSIONS!$I$3:$I$2094,E$1,MISSIONS!$C$3:$C$2094,Données!$A3) -> 0 | F39: =SUMIFS(MISSIONS!$B$3:$B$2094,MISSIONS!$I$3:$I$2094,F$1,MISSIONS!$A$3:$A$2094,Données!$A3)+ SUMIFS(MISSIONS!$D$3:$D$2094,MISSIONS!$I$3:$I$2094,F$1,MISSIONS!$C$3:$C$2094,Données!$A3) -> 0 | G39: =SUMIFS(MISSIONS!$B$3:$B$2094,MISSIONS!$I$3:$I$2094,G$1,MISSIONS!$A$3:$A$2094,Données!$A3)+ SUMIFS(MISSIONS!$D$3:$D$2094,MISSIONS!$I$3:$I$2094,G$1,MISSIONS!$C$3:$C$2094,Données!$A3) -> 0 | H39: =SUMIFS(MISSIONS!$B$3:$B$2094,MISSIONS!$I$3:$I$2094,H$1,MISSIONS!$A$3:$A$2094,Données!$A3)+ SUMIFS(MISSIONS!$D$3:$D$2094,MISSIONS!$I$3:$I$2094,H$1,MISSIONS!$C$3:$C$2094,Données!$A3) -> 0 | I39: =SUMIFS(MISSIONS!$B$3:$B$2094,MISSIONS!$I$3:$I$2094,I$1,MISSIONS!$A$3:$A$2094,Données!$A3)+ SUMIFS(MISSIONS!$D$3:$D$2094,MISSIONS!$I$3:$I$2094,I$1,MISSIONS!$C$3:$C$2094,Données!$A3) -> 0 | J39: =SUMIFS(MISSIONS!$B$3:$B$2094,MISSIONS!$I$3:$I$2094,J$1,MISSIONS!$A$3:$A$2094,Données!$A3)+ SUMIFS(MISSIONS!$D$3:$D$2094,MISSIONS!$I$3:$I$2094,J$1,MISSIONS!$C$3:$C$2094,Données!$A3) -> 0 | ... N39: =SUMIFS(MISSIONS!$B$3:$B$2094,MISSIONS!$I$3:$I$2094,N$1,MISSIONS!$A$3:$A$2094,Données!$A3)+ SUMIFS(MISSIONS!$D$3:$D$2094,MISSIONS!$I$3:$I$2094,N$1,MISSIONS!$C$3:$C$2094,Données!$A3) -> 0
A40: =Données!$A4 -> Hervé | B40: =SUM(C40:N40) -> 0 | C40: =SUMIFS(MISSIONS!$B$3:$B$2094,MISSIONS!$I$3:$I$2094,C$1,MISSIONS!$A$3:$A$2094,Données!$A4)+ SUMIFS(MISSIONS!$D$3:$D$2094,MISSIONS!$I$3:$I$2094,C$1,MISSIONS!$C$3:$C$2094,Données!$A4) -> 0 | D40: =SUMIFS(MISSIONS!$B$3:$B$2094,MISSIONS!$I$3:$I$2094,D$1,MISSIONS!$A$3:$A$2094,Données!$A4)+ SUMIFS(MISSIONS!$D$3:$D$2094,MISSIONS!$I$3:$I$2094,D$1,MISSIONS!$C$3:$C$2094,Données!$A4) -> 0 | E40: =SUMIFS(MISSIONS!$B$3:$B$2094,MISSIONS!$I$3:$I$2094,E$1,MISSIONS!$A$3:$A$2094,Données!$A4)+ SUMIFS(MISSIONS!$D$3:$D$2094,MISSIONS!$I$3:$I$2094,E$1,MISSIONS!$C$3:$C$2094,Données!$A4) -> 0 | F40: =SUMIFS(MISSIONS!$B$3:$B$2094,MISSIONS!$I$3:$I$2094,F$1,MISSIONS!$A$3:$A$2094,Données!$A4)+ SUMIFS(MISSIONS!$D$3:$D$2094,MISSIONS!$I$3:$I$2094,F$1,MISSIONS!$C$3:$C$2094,Données!$A4) -> 0 | G40: =SUMIFS(MISSIONS!$B$3:$B$2094,MISSIONS!$I$3:$I$2094,G$1,MISSIONS!$A$3:$A$2094,Données!$A4)+ SUMIFS(MISSIONS!$D$3:$D$2094,MISSIONS!$I$3:$I$2094,G$1,MISSIONS!$C$3:$C$2094,Données!$A4) -> 0 | H40: =SUMIFS(MISSIONS!$B$3:$B$2094,MISSIONS!$I$3:$I$2094,H$1,MISSIONS!$A$3:$A$2094,Données!$A4)+ SUMIFS(MISSIONS!$D$3:$D$2094,MISSIONS!$I$3:$I$2094,H$1,MISSIONS!$C$3:$C$2094,Données!$A4) -> 0 | I40: =SUMIFS(MISSIONS!$B$3:$B$2094,MISSIONS!$I$3:$I$2094,I$1,MISSIONS!$A$3:$A$2094,Données!$A4)+ SUMIFS(MISSIONS!$D$3:$D$2094,MISSIONS!$I$3:$I$2094,I$1,MISSIONS!$C$3:$C$2094,Données!$A4) -> 0 | J40: =SUMIFS(MISSIONS!$B$3:$B$2094,MISSIONS!$I$3:$I$2094,J$1,MISSIONS!$A$3:$A$2094,Données!$A4)+ SUMIFS(MISSIONS!$D$3:$D$2094,MISSIONS!$I$3:$I$2094,J$1,MISSIONS!$C$3:$C$2094,Données!$A4) -> 0 | ... N40: =SUMIFS(MISSIONS!$B$3:$B$2094,MISSIONS!$I$3:$I$2094,N$1,MISSIONS!$A$3:$A$2094,Données!$A4)+ SUMIFS(MISSIONS!$D$3:$D$2094,MISSIONS!$I$3:$I$2094,N$1,MISSIONS!$C$3:$C$2094,Données!$A4) -> 0
A41: =Données!$A5 -> Dono | B41: =SUM(C41:N41) -> 0 | C41: =SUMIFS(MISSIONS!$B$3:$B$2094,MISSIONS!$I$3:$I$2094,C$1,MISSIONS!$A$3:$A$2094,Données!$A5)+ SUMIFS(MISSIONS!$D$3:$D$2094,MISSIONS!$I$3:$I$2094,C$1,MISSIONS!$C$3:$C$2094,Données!$A5) -> 0 | D41: =SUMIFS(MISSIONS!$B$3:$B$2094,MISSIONS!$I$3:$I$2094,D$1,MISSIONS!$A$3:$A$2094,Données!$A5)+ SUMIFS(MISSIONS!$D$3:$D$2094,MISSIONS!$I$3:$I$2094,D$1,MISSIONS!$C$3:$C$2094,Données!$A5) -> 0 | E41: =SUMIFS(MISSIONS!$B$3:$B$2094,MISSIONS!$I$3:$I$2094,E$1,MISSIONS!$A$3:$A$2094,Données!$A5)+ SUMIFS(MISSIONS!$D$3:$D$2094,MISSIONS!$I$3:$I$2094,E$1,MISSIONS!$C$3:$C$2094,Données!$A5) -> 0 | F41: =SUMIFS(MISSIONS!$B$3:$B$2094,MISSIONS!$I$3:$I$2094,F$1,MISSIONS!$A$3:$A$2094,Données!$A5)+ SUMIFS(MISSIONS!$D$3:$D$2094,MISSIONS!$I$3:$I$2094,F$1,MISSIONS!$C$3:$C$2094,Données!$A5) -> 0 | G41: =SUMIFS(MISSIONS!$B$3:$B$2094,MISSIONS!$I$3:$I$2094,G$1,MISSIONS!$A$3:$A$2094,Données!$A5)+ SUMIFS(MISSIONS!$D$3:$D$2094,MISSIONS!$I$3:$I$2094,G$1,MISSIONS!$C$3:$C$2094,Données!$A5) -> 0 | H41: =SUMIFS(MISSIONS!$B$3:$B$2094,MISSIONS!$I$3:$I$2094,H$1,MISSIONS!$A$3:$A$2094,Données!$A5)+ SUMIFS(MISSIONS!$D$3:$D$2094,MISSIONS!$I$3:$I$2094,H$1,MISSIONS!$C$3:$C$2094,Données!$A5) -> 0 | I41: =SUMIFS(MISSIONS!$B$3:$B$2094,MISSIONS!$I$3:$I$2094,I$1,MISSIONS!$A$3:$A$2094,Données!$A5)+ SUMIFS(MISSIONS!$D$3:$D$2094,MISSIONS!$I$3:$I$2094,I$1,MISSIONS!$C$3:$C$2094,Données!$A5) -> 0 | J41: =SUMIFS(MISSIONS!$B$3:$B$2094,MISSIONS!$I$3:$I$2094,J$1,MISSIONS!$A$3:$A$2094,Données!$A5)+ SUMIFS(MISSIONS!$D$3:$D$2094,MISSIONS!$I$3:$I$2094,J$1,MISSIONS!$C$3:$C$2094,Données!$A5) -> 0 | ... N41: =SUMIFS(MISSIONS!$B$3:$B$2094,MISSIONS!$I$3:$I$2094,N$1,MISSIONS!$A$3:$A$2094,Données!$A5)+ SUMIFS(MISSIONS!$D$3:$D$2094,MISSIONS!$I$3:$I$2094,N$1,MISSIONS!$C$3:$C$2094,Données!$A5) -> 0
A42: =Données!$A6 -> Colpa | B42: =SUM(C42:N42) -> 656.27 | C42: =SUMIFS(MISSIONS!$B$3:$B$2094,MISSIONS!$I$3:$I$2094,C$1,MISSIONS!$A$3:$A$2094,Données!$A6)+ SUMIFS(MISSIONS!$D$3:$D$2094,MISSIONS!$I$3:$I$2094,C$1,MISSIONS!$C$3:$C$2094,Données!$A6) -> 0 | D42: =SUMIFS(MISSIONS!$B$3:$B$2094,MISSIONS!$I$3:$I$2094,D$1,MISSIONS!$A$3:$A$2094,Données!$A6)+ SUMIFS(MISSIONS!$D$3:$D$2094,MISSIONS!$I$3:$I$2094,D$1,MISSIONS!$C$3:$C$2094,Données!$A6) -> 0 | E42: =SUMIFS(MISSIONS!$B$3:$B$2094,MISSIONS!$I$3:$I$2094,E$1,MISSIONS!$A$3:$A$2094,Données!$A6)+ SUMIFS(MISSIONS!$D$3:$D$2094,MISSIONS!$I$3:$I$2094,E$1,MISSIONS!$C$3:$C$2094,Données!$A6) -> 44.64 | F42: =SUMIFS(MISSIONS!$B$3:$B$2094,MISSIONS!$I$3:$I$2094,F$1,MISSIONS!$A$3:$A$2094,Données!$A6)+ SUMIFS(MISSIONS!$D$3:$D$2094,MISSIONS!$I$3:$I$2094,F$1,MISSIONS!$C$3:$C$2094,Données!$A6) -> 44.64 | G42: =SUMIFS(MISSIONS!$B$3:$B$2094,MISSIONS!$I$3:$I$2094,G$1,MISSIONS!$A$3:$A$2094,Données!$A6)+ SUMIFS(MISSIONS!$D$3:$D$2094,MISSIONS!$I$3:$I$2094,G$1,MISSIONS!$C$3:$C$2094,Données!$A6) -> 44.64 | H42: =SUMIFS(MISSIONS!$B$3:$B$2094,MISSIONS!$I$3:$I$2094,H$1,MISSIONS!$A$3:$A$2094,Données!$A6)+ SUMIFS(MISSIONS!$D$3:$D$2094,MISSIONS!$I$3:$I$2094,H$1,MISSIONS!$C$3:$C$2094,Données!$A6) -> 50.22 | I42: =SUMIFS(MISSIONS!$B$3:$B$2094,MISSIONS!$I$3:$I$2094,I$1,MISSIONS!$A$3:$A$2094,Données!$A6)+ SUMIFS(MISSIONS!$D$3:$D$2094,MISSIONS!$I$3:$I$2094,I$1,MISSIONS!$C$3:$C$2094,Données!$A6) -> 64.8675 | J42: =SUMIFS(MISSIONS!$B$3:$B$2094,MISSIONS!$I$3:$I$2094,J$1,MISSIONS!$A$3:$A$2094,Données!$A6)+ SUMIFS(MISSIONS!$D$3:$D$2094,MISSIONS!$I$3:$I$2094,J$1,MISSIONS!$C$3:$C$2094,Données!$A6) -> 129.735 | ... N42: =SUMIFS(MISSIONS!$B$3:$B$2094,MISSIONS!$I$3:$I$2094,N$1,MISSIONS!$A$3:$A$2094,Données!$A6)+ SUMIFS(MISSIONS!$D$3:$D$2094,MISSIONS!$I$3:$I$2094,N$1,MISSIONS!$C$3:$C$2094,Données!$A6) -> 0
A43: =Données!$A7 -> Na Oya | B43: =SUM(C43:N43) -> 638.6496 | C43: =SUMIFS(MISSIONS!$B$3:$B$2094,MISSIONS!$I$3:$I$2094,C$1,MISSIONS!$A$3:$A$2094,Données!$A7)+ SUMIFS(MISSIONS!$D$3:$D$2094,MISSIONS!$I$3:$I$2094,C$1,MISSIONS!$C$3:$C$2094,Données!$A7) -> 113.9808 | D43: =SUMIFS(MISSIONS!$B$3:$B$2094,MISSIONS!$I$3:$I$2094,D$1,MISSIONS!$A$3:$A$2094,Données!$A7)+ SUMIFS(MISSIONS!$D$3:$D$2094,MISSIONS!$I$3:$I$2094,D$1,MISSIONS!$C$3:$C$2094,Données!$A7) -> 113.9808 | E43: =SUMIFS(MISSIONS!$B$3:$B$2094,MISSIONS!$I$3:$I$2094,E$1,MISSIONS!$A$3:$A$2094,Données!$A7)+ SUMIFS(MISSIONS!$D$3:$D$2094,MISSIONS!$I$3:$I$2094,E$1,MISSIONS!$C$3:$C$2094,Données!$A7) -> 114.09984 | F43: =SUMIFS(MISSIONS!$B$3:$B$2094,MISSIONS!$I$3:$I$2094,F$1,MISSIONS!$A$3:$A$2094,Données!$A7)+ SUMIFS(MISSIONS!$D$3:$D$2094,MISSIONS!$I$3:$I$2094,F$1,MISSIONS!$C$3:$C$2094,Données!$A7) -> 114.09984 | G43: =SUMIFS(MISSIONS!$B$3:$B$2094,MISSIONS!$I$3:$I$2094,G$1,MISSIONS!$A$3:$A$2094,Données!$A7)+ SUMIFS(MISSIONS!$D$3:$D$2094,MISSIONS!$I$3:$I$2094,G$1,MISSIONS!$C$3:$C$2094,Données!$A7) -> 114.21888 | H43: =SUMIFS(MISSIONS!$B$3:$B$2094,MISSIONS!$I$3:$I$2094,H$1,MISSIONS!$A$3:$A$2094,Données!$A7)+ SUMIFS(MISSIONS!$D$3:$D$2094,MISSIONS!$I$3:$I$2094,H$1,MISSIONS!$C$3:$C$2094,Données!$A7) -> 68.26944 | I43: =SUMIFS(MISSIONS!$B$3:$B$2094,MISSIONS!$I$3:$I$2094,I$1,MISSIONS!$A$3:$A$2094,Données!$A7)+ SUMIFS(MISSIONS!$D$3:$D$2094,MISSIONS!$I$3:$I$2094,I$1,MISSIONS!$C$3:$C$2094,Données!$A7) -> 0 | J43: =SUMIFS(MISSIONS!$B$3:$B$2094,MISSIONS!$I$3:$I$2094,J$1,MISSIONS!$A$3:$A$2094,Données!$A7)+ SUMIFS(MISSIONS!$D$3:$D$2094,MISSIONS!$I$3:$I$2094,J$1,MISSIONS!$C$3:$C$2094,Données!$A7) -> 0 | ... N43: =SUMIFS(MISSIONS!$B$3:$B$2094,MISSIONS!$I$3:$I$2094,N$1,MISSIONS!$A$3:$A$2094,Données!$A7)+ SUMIFS(MISSIONS!$D$3:$D$2094,MISSIONS!$I$3:$I$2094,N$1,MISSIONS!$C$3:$C$2094,Données!$A7) -> 0
A44: =Données!$A8 -> B&A | B44: =SUM(C44:N44) -> 0 | C44: =SUMIFS(MISSIONS!$B$3:$B$2094,MISSIONS!$I$3:$I$2094,C$1,MISSIONS!$A$3:$A$2094,Données!$A8)+ SUMIFS(MISSIONS!$D$3:$D$2094,MISSIONS!$I$3:$I$2094,C$1,MISSIONS!$C$3:$C$2094,Données!$A8) -> 0 | D44: =SUMIFS(MISSIONS!$B$3:$B$2094,MISSIONS!$I$3:$I$2094,D$1,MISSIONS!$A$3:$A$2094,Données!$A8)+ SUMIFS(MISSIONS!$D$3:$D$2094,MISSIONS!$I$3:$I$2094,D$1,MISSIONS!$C$3:$C$2094,Données!$A8) -> 0 | E44: =SUMIFS(MISSIONS!$B$3:$B$2094,MISSIONS!$I$3:$I$2094,E$1,MISSIONS!$A$3:$A$2094,Données!$A8)+ SUMIFS(MISSIONS!$D$3:$D$2094,MISSIONS!$I$3:$I$2094,E$1,MISSIONS!$C$3:$C$2094,Données!$A8) -> 0 | F44: =SUMIFS(MISSIONS!$B$3:$B$2094,MISSIONS!$I$3:$I$2094,F$1,MISSIONS!$A$3:$A$2094,Données!$A8)+ SUMIFS(MISSIONS!$D$3:$D$2094,MISSIONS!$I$3:$I$2094,F$1,MISSIONS!$C$3:$C$2094,Données!$A8) -> 0 | G44: =SUMIFS(MISSIONS!$B$3:$B$2094,MISSIONS!$I$3:$I$2094,G$1,MISSIONS!$A$3:$A$2094,Données!$A8)+ SUMIFS(MISSIONS!$D$3:$D$2094,MISSIONS!$I$3:$I$2094,G$1,MISSIONS!$C$3:$C$2094,Données!$A8) -> 0 | H44: =SUMIFS(MISSIONS!$B$3:$B$2094,MISSIONS!$I$3:$I$2094,H$1,MISSIONS!$A$3:$A$2094,Données!$A8)+ SUMIFS(MISSIONS!$D$3:$D$2094,MISSIONS!$I$3:$I$2094,H$1,MISSIONS!$C$3:$C$2094,Données!$A8) -> 0 | I44: =SUMIFS(MISSIONS!$B$3:$B$2094,MISSIONS!$I$3:$I$2094,I$1,MISSIONS!$A$3:$A$2094,Données!$A8)+ SUMIFS(MISSIONS!$D$3:$D$2094,MISSIONS!$I$3:$I$2094,I$1,MISSIONS!$C$3:$C$2094,Données!$A8) -> 0 | J44: =SUMIFS(MISSIONS!$B$3:$B$2094,MISSIONS!$I$3:$I$2094,J$1,MISSIONS!$A$3:$A$2094,Données!$A8)+ SUMIFS(MISSIONS!$D$3:$D$2094,MISSIONS!$I$3:$I$2094,J$1,MISSIONS!$C$3:$C$2094,Données!$A8) -> 0 | ... N44: =SUMIFS(MISSIONS!$B$3:$B$2094,MISSIONS!$I$3:$I$2094,N$1,MISSIONS!$A$3:$A$2094,Données!$A8)+ SUMIFS(MISSIONS!$D$3:$D$2094,MISSIONS!$I$3:$I$2094,N$1,MISSIONS!$C$3:$C$2094,Données!$A8) -> 0
A45: =Données!$A9 -> Vero | B45: =SUM(C45:N45) -> 213.0342 | C45: =SUMIFS(MISSIONS!$B$3:$B$2094,MISSIONS!$I$3:$I$2094,C$1,MISSIONS!$A$3:$A$2094,Données!$A9)+ SUMIFS(MISSIONS!$D$3:$D$2094,MISSIONS!$I$3:$I$2094,C$1,MISSIONS!$C$3:$C$2094,Données!$A9) -> 10.59456 | D45: =SUMIFS(MISSIONS!$B$3:$B$2094,MISSIONS!$I$3:$I$2094,D$1,MISSIONS!$A$3:$A$2094,Données!$A9)+ SUMIFS(MISSIONS!$D$3:$D$2094,MISSIONS!$I$3:$I$2094,D$1,MISSIONS!$C$3:$C$2094,Données!$A9) -> 10.59456 | E45: =SUMIFS(MISSIONS!$B$3:$B$2094,MISSIONS!$I$3:$I$2094,E$1,MISSIONS!$A$3:$A$2094,Données!$A9)+ SUMIFS(MISSIONS!$D$3:$D$2094,MISSIONS!$I$3:$I$2094,E$1,MISSIONS!$C$3:$C$2094,Données!$A9) -> 10.59456 | F45: =SUMIFS(MISSIONS!$B$3:$B$2094,MISSIONS!$I$3:$I$2094,F$1,MISSIONS!$A$3:$A$2094,Données!$A9)+ SUMIFS(MISSIONS!$D$3:$D$2094,MISSIONS!$I$3:$I$2094,F$1,MISSIONS!$C$3:$C$2094,Données!$A9) -> 10.59456 | G45: =SUMIFS(MISSIONS!$B$3:$B$2094,MISSIONS!$I$3:$I$2094,G$1,MISSIONS!$A$3:$A$2094,Données!$A9)+ SUMIFS(MISSIONS!$D$3:$D$2094,MISSIONS!$I$3:$I$2094,G$1,MISSIONS!$C$3:$C$2094,Données!$A9) -> 10.59456 | H45: =SUMIFS(MISSIONS!$B$3:$B$2094,MISSIONS!$I$3:$I$2094,H$1,MISSIONS!$A$3:$A$2094,Données!$A9)+ SUMIFS(MISSIONS!$D$3:$D$2094,MISSIONS!$I$3:$I$2094,H$1,MISSIONS!$C$3:$C$2094,Données!$A9) -> 10.7136 | I45: =SUMIFS(MISSIONS!$B$3:$B$2094,MISSIONS!$I$3:$I$2094,I$1,MISSIONS!$A$3:$A$2094,Données!$A9)+ SUMIFS(MISSIONS!$D$3:$D$2094,MISSIONS!$I$3:$I$2094,I$1,MISSIONS!$C$3:$C$2094,Données!$A9) -> 12.0528 | J45: =SUMIFS(MISSIONS!$B$3:$B$2094,MISSIONS!$I$3:$I$2094,J$1,MISSIONS!$A$3:$A$2094,Données!$A9)+ SUMIFS(MISSIONS!$D$3:$D$2094,MISSIONS!$I$3:$I$2094,J$1,MISSIONS!$C$3:$C$2094,Données!$A9) -> 15.066 | ... N45: =SUMIFS(MISSIONS!$B$3:$B$2094,MISSIONS!$I$3:$I$2094,N$1,MISSIONS!$A$3:$A$2094,Données!$A9)+ SUMIFS(MISSIONS!$D$3:$D$2094,MISSIONS!$I$3:$I$2094,N$1,MISSIONS!$C$3:$C$2094,Données!$A9) -> 36
A46: =Données!$A10 -> Sns | B46: =SUM(C46:N46) -> 0 | C46: =SUMIFS(MISSIONS!$B$3:$B$2094,MISSIONS!$I$3:$I$2094,C$1,MISSIONS!$A$3:$A$2094,Données!$A10)+ SUMIFS(MISSIONS!$D$3:$D$2094,MISSIONS!$I$3:$I$2094,C$1,MISSIONS!$C$3:$C$2094,Données!$A10) -> 0 | D46: =SUMIFS(MISSIONS!$B$3:$B$2094,MISSIONS!$I$3:$I$2094,D$1,MISSIONS!$A$3:$A$2094,Données!$A10)+ SUMIFS(MISSIONS!$D$3:$D$2094,MISSIONS!$I$3:$I$2094,D$1,MISSIONS!$C$3:$C$2094,Données!$A10) -> 0 | E46: =SUMIFS(MISSIONS!$B$3:$B$2094,MISSIONS!$I$3:$I$2094,E$1,MISSIONS!$A$3:$A$2094,Données!$A10)+ SUMIFS(MISSIONS!$D$3:$D$2094,MISSIONS!$I$3:$I$2094,E$1,MISSIONS!$C$3:$C$2094,Données!$A10) -> 0 | F46: =SUMIFS(MISSIONS!$B$3:$B$2094,MISSIONS!$I$3:$I$2094,F$1,MISSIONS!$A$3:$A$2094,Données!$A10)+ SUMIFS(MISSIONS!$D$3:$D$2094,MISSIONS!$I$3:$I$2094,F$1,MISSIONS!$C$3:$C$2094,Données!$A10) -> 0 | G46: =SUMIFS(MISSIONS!$B$3:$B$2094,MISSIONS!$I$3:$I$2094,G$1,MISSIONS!$A$3:$A$2094,Données!$A10)+ SUMIFS(MISSIONS!$D$3:$D$2094,MISSIONS!$I$3:$I$2094,G$1,MISSIONS!$C$3:$C$2094,Données!$A10) -> 0 | H46: =SUMIFS(MISSIONS!$B$3:$B$2094,MISSIONS!$I$3:$I$2094,H$1,MISSIONS!$A$3:$A$2094,Données!$A10)+ SUMIFS(MISSIONS!$D$3:$D$2094,MISSIONS!$I$3:$I$2094,H$1,MISSIONS!$C$3:$C$2094,Données!$A10) -> 0 | I46: =SUMIFS(MISSIONS!$B$3:$B$2094,MISSIONS!$I$3:$I$2094,I$1,MISSIONS!$A$3:$A$2094,Données!$A10)+ SUMIFS(MISSIONS!$D$3:$D$2094,MISSIONS!$I$3:$I$2094,I$1,MISSIONS!$C$3:$C$2094,Données!$A10) -> 0 | J46: =SUMIFS(MISSIONS!$B$3:$B$2094,MISSIONS!$I$3:$I$2094,J$1,MISSIONS!$A$3:$A$2094,Données!$A10)+ SUMIFS(MISSIONS!$D$3:$D$2094,MISSIONS!$I$3:$I$2094,J$1,MISSIONS!$C$3:$C$2094,Données!$A10) -> 0 | ... N46: =SUMIFS(MISSIONS!$B$3:$B$2094,MISSIONS!$I$3:$I$2094,N$1,MISSIONS!$A$3:$A$2094,Données!$A10)+ SUMIFS(MISSIONS!$D$3:$D$2094,MISSIONS!$I$3:$I$2094,N$1,MISSIONS!$C$3:$C$2094,Données!$A10) -> 0
A47: =Données!$A11 -> Acte | B47: =SUM(C47:N47) -> 0 | C47: =SUMIFS(MISSIONS!$B$3:$B$2094,MISSIONS!$I$3:$I$2094,C$1,MISSIONS!$A$3:$A$2094,Données!$A11)+ SUMIFS(MISSIONS!$D$3:$D$2094,MISSIONS!$I$3:$I$2094,C$1,MISSIONS!$C$3:$C$2094,Données!$A11) -> 0 | D47: =SUMIFS(MISSIONS!$B$3:$B$2094,MISSIONS!$I$3:$I$2094,D$1,MISSIONS!$A$3:$A$2094,Données!$A11)+ SUMIFS(MISSIONS!$D$3:$D$2094,MISSIONS!$I$3:$I$2094,D$1,MISSIONS!$C$3:$C$2094,Données!$A11) -> 0 | E47: =SUMIFS(MISSIONS!$B$3:$B$2094,MISSIONS!$I$3:$I$2094,E$1,MISSIONS!$A$3:$A$2094,Données!$A11)+ SUMIFS(MISSIONS!$D$3:$D$2094,MISSIONS!$I$3:$I$2094,E$1,MISSIONS!$C$3:$C$2094,Données!$A11) -> 0 | F47: =SUMIFS(MISSIONS!$B$3:$B$2094,MISSIONS!$I$3:$I$2094,F$1,MISSIONS!$A$3:$A$2094,Données!$A11)+ SUMIFS(MISSIONS!$D$3:$D$2094,MISSIONS!$I$3:$I$2094,F$1,MISSIONS!$C$3:$C$2094,Données!$A11) -> 0 | G47: =SUMIFS(MISSIONS!$B$3:$B$2094,MISSIONS!$I$3:$I$2094,G$1,MISSIONS!$A$3:$A$2094,Données!$A11)+ SUMIFS(MISSIONS!$D$3:$D$2094,MISSIONS!$I$3:$I$2094,G$1,MISSIONS!$C$3:$C$2094,Données!$A11) -> 0 | H47: =SUMIFS(MISSIONS!$B$3:$B$2094,MISSIONS!$I$3:$I$2094,H$1,MISSIONS!$A$3:$A$2094,Données!$A11)+ SUMIFS(MISSIONS!$D$3:$D$2094,MISSIONS!$I$3:$I$2094,H$1,MISSIONS!$C$3:$C$2094,Données!$A11) -> 0 | I47: =SUMIFS(MISSIONS!$B$3:$B$2094,MISSIONS!$I$3:$I$2094,I$1,MISSIONS!$A$3:$A$2094,Données!$A11)+ SUMIFS(MISSIONS!$D$3:$D$2094,MISSIONS!$I$3:$I$2094,I$1,MISSIONS!$C$3:$C$2094,Données!$A11) -> 0 | J47: =SUMIFS(MISSIONS!$B$3:$B$2094,MISSIONS!$I$3:$I$2094,J$1,MISSIONS!$A$3:$A$2094,Données!$A11)+ SUMIFS(MISSIONS!$D$3:$D$2094,MISSIONS!$I$3:$I$2094,J$1,MISSIONS!$C$3:$C$2094,Données!$A11) -> 0 | ... N47: =SUMIFS(MISSIONS!$B$3:$B$2094,MISSIONS!$I$3:$I$2094,N$1,MISSIONS!$A$3:$A$2094,Données!$A11)+ SUMIFS(MISSIONS!$D$3:$D$2094,MISSIONS!$I$3:$I$2094,N$1,MISSIONS!$C$3:$C$2094,Données!$A11) -> 0
A48: =Données!$A12 -> Damien
A49: =Données!$A13 -> 0
A50: =Données!$A14 -> 0
A51: =Données!$A15 -> 0
A52: =Données!$A16 -> 0
A53: =Données!$A17 -> 0
A54: =Données!$A82 -> 0
A55: =Données!$A83 -> 0
A56: =Données!$A84 -> 0
A57: =Données!$A85 -> 0
A58: =Données!$A86 -> 0
A59: =Données!$A87 -> 0
A60: =Données!$A88 -> 0
A61: =Données!$A89 -> 0
A62: =Données!$A90 -> 0
A63: =Données!$A91 -> 0
A64: =Données!$A92 -> 0
A65: =Données!$A93 -> 0
... A314: =Données!$A342 -> 0
A315: =Données!$A419 -> 0
A316: =Données!$A420 -> 0
A317: =Données!$A421 -> 0
A318: =Données!$A422 -> 0
A319: =Données!$A423 -> 0
A320: =Données!$A424 -> 0
A321: =Données!$A425 -> 0
A322: =Données!$A426 -> 0
A323: =Données!$A427 -> 0
A324: =Données!$A428 -> 0
A325: =Données!$A429 -> 0
A326: =Données!$A430 -> 0
... A700: =Données!$A804 -> 0

Sheet MISSIONS
A2: Apport | B2: x | C2: Parr | D2: x | F2: =Données!E1 -> Client | H2: Mission | I2: Mois | L2: € | M2: €€ | N2: x | O2: Reste | P2: Agence | Q2: x | R2: Gestion | S2: Ml | T2: Lt | U2: Avant | V2: Apport | W2: x | Z2: Fred | AB2: Eric | AD2: Boom | AF2: Damien | AH2: Maitre | AJ2: x | AL2: x | AN2: x | AP2: x | AR2: x | AT2: x | AU2: Reliquat
B3: =IF(A3="",0,((U3)*10%)) -> 0 | I3: Janvier
I4: Janvier
A5: Colpa | D5: =IF(C5="",0,((U5)*5%)) -> 0 | F5: Adrian | G5: kdekom | H5: contrat Da | I5: Mars | J5: =L5 -> 500 | L5: 500 | M5: =L5 -> 500 | N5: 250 | O5: =M5-N5 -> 250 | T5: 250 | U5: =O5-P5-Q5-R5-S5-T5 -> 0 | V5: =U5-B5-D5 -> 0 | X5: =100%-Y5-AA5-AC5-AE5-AG5-AI5-AK5-AM5-AO5-AQ5 -> 1 | Z5: =(V5*Y5)+Q5+R5 -> 0 | AB5: =(V5*AA5) -> 0 | AF5: =V5*AE5 -> 0 | AH5: =V5*AG5 -> 0 | AJ5: =V5*AI5 -> 0 | AL5: =V5*AK5 -> 0 | AN5: =V5*AM5 -> 0 | AP5: =V5*AO5 -> 0 | AR5: =V5*AQ5 -> 0 | AT5: =X5*AS5 -> 0 | AU5: =V5*X5 -> 0
A6: Colpa | B6: =IF(A6="",0,((U6)*10%)) -> 44.64 | D6: =IF(C6="",0,((U6)*5%)) -> 0 | F6: Adrian | G6: kdekom | H6: Da 3 | I6: Mars | J6: =L6*2 -> 1550 | L6: 775 | M6: =L6 -> 775 | O6: =M6-N6 -> 775 | P6: =(M6-N6)*10% -> 77.5 | Q6: =(M6-N6)*10% -> 77.5 | R6: =(M6-N6-P6-Q6)*20% -> 124 | S6: =(M6-N6-P6-Q6-R6)*10% -> 49.6 | U6: =M6-N6-P6-Q6-R6-S6-T6 -> 446.4 | V6: =U6-B6-D6 -> 401.76 | X6: =100%-Y6-AA6-AC6-AE6-AG6-AI6-AK6-AM6-AO6-AQ6 -> 0.03 | Y6: =(97%-AA6-AC6-AE6-AG6-AI6-AK6-AM6-AO6-AQ6-AS6) -> 0.97 | Z6: =(V6*Y6)+Q6+R6 -> 591.2072 | AB6: =(V6*AA6) -> 0 | AF6: =V6*AE6 -> 0 | AH6: =V6*AG6 -> 0 | AJ6: =V6*AI6 -> 0 | AL6: =V6*AK6 -> 0 | AN6: =V6*AM6 -> 0 | AP6: =V6*AO6 -> 0 | AR6: =V6*AQ6 -> 0 | AT6: =V6*AS6 -> 0 | AU6: =V6*X6 -> 12.0528
A7: Colpa | B7: =IF(A7="",0,((U7)*10%)) -> 44.64 | D7: =IF(C7="",0,((U7)*5%)) -> 0 | F7: Adrian | G7: kdekom | H7: Da 4 | I7: Avril | J7: =L7*2 -> 1550 | L7: 775 | M7: =L7 -> 775 | O7: =M7-N7 -> 775 | P7: =(M7-N7)*10% -> 77.5 | Q7: =(M7-N7)*10% -> 77.5 | R7: =(M7-N7-P7-Q7)*20% -> 124 | S7: =(M7-N7-P7-Q7-R7)*10% -> 49.6 | U7: =M7-N7-P7-Q7-R7-S7-T7 -> 446.4 | V7: =U7-B7-D7 -> 401.76 | X7: =100%-Y7-AA7-AC7-AE7-AG7-AI7-AK7-AM7-AO7-AQ7 -> 0.03 | Y7: =(97%-AA7-AC7-AE7-AG7-AI7-AK7-AM7-AO7-AQ7) -> 0.97 | Z7: =(V7*Y7)+Q7+R7 -> 591.2072 | AB7: =(V7*AA7) -> 0 | AF7: =V7*AE7 -> 0 | AH7: =V7*AG7 -> 0 | AJ7: =V7*AI7 -> 0 | AL7: =V7*AK7 -> 0 | AN7: =V7*AM7 -> 0 | AP7: =V7*AO7 -> 0 | AR7: =V7*AQ7 -> 0 | AT7: =V7*AS7 -> 0 | AU7: =V7*X7 -> 12.0528
A8: Colpa | B8: =IF(A8="",0,((U8)*10%)) -> 44.64 | D8: =IF(C8="",0,((U8)*5%)) -> 0 | F8: Adrian | G8: kdekom | H8: Da 5 | I8: Mai | J8: =L8*2 -> 1550 | L8: 775 | M8: =L8 -> 775 | O8: =M8-N8 -> 775 | P8: =(M8-N8)*10% -> 77.5 | Q8: =(M8-N8)*10% -> 77.5 | R8: =(M8-N8-P8-Q8)*20% -> 124 | S8: =(M8-N8-P8-Q8-R8)*10% -> 49.6 | U8: =M8-N8-P8-Q8-R8-S8-T8 -> 446.4 | V8: =U8-B8-D8 -> 401.76 | X8: =100%-Y8-AA8-AC8-AE8-AG8-AI8-AK8-AM8-AO8-AQ8 -> 0.03 | Y8: =(97%-AA8-AC8-AE8-AG8-AI8-AK8-AM8-AO8-AQ8) -> 0.97 | Z8: =(V8*Y8)+Q8+R8 -> 591.2072 | AB8: =(V8*AA8) -> 0 | AF8: =V8*AE8 -> 0 | AH8: =V8*AG8 -> 0 | AJ8: =V8*AI8 -> 0 | AL8: =V8*AK8 -> 0 | AN8: =V8*AM8 -> 0 | AP8: =V8*AO8 -> 0 | AR8: =V8*AQ8 -> 0 | AT8: =X8*AS8 -> 0 | AU8: =V8*X8 -> 12.0528
A9: Colpa | B9: =IF(A9="",0,((U9)*10%)) -> 50.22 | D9: =IF(C9="",0,((U9)*5%)) -> 0 | F9: Adrian | G9: kdekom | H9: Da 6 | I9: Juin | J9: =L9*2 -> 1550 | L9: 775 | M9: =L9 -> 775 | O9: =M9-N9 -> 775 | P9: =(M9-N9)*10% -> 77.5 | R9: =(M9-N9-P9-Q9)*20% -> 139.5 | S9: =(M9-N9-P9-Q9-R9)*10% -> 55.8 | U9: =M9-N9-P9-Q9-R9-S9-T9 -> 502.2 | V9: =U9-B9-D9 -> 451.98 | X9: =100%-Y9-AA9-AC9-AE9-AG9-AI9-AK9-AM9-AO9-AQ9 -> 0.03 | Y9: =(97%-AA9-AC9-AE9-AG9-AI9-AK9-AM9-AO9-AQ9) -> 0.97 | Z9: =(V9*Y9)+Q9+R9 -> 577.9206 | AB9: =(V9*AA9) -> 0 | AF9: =V9*AE9 -> 0 | AH9: =V9*AG9 -> 0 | AJ9: =V9*AI9 -> 0 | AL9: =V9*AK9 -> 0 | AN9: =V9*AM9 -> 0 | AP9: =V9*AO9 -> 0 | AR9: =V9*AQ9 -> 0 | AT9: =X9*AS9 -> 0 | AU9: =V9*X9 -> 13.5594
A10: Colpa | B10: =IF(A10="",0,((U10)*10%)) -> 64.8675 | D10: =IF(C10="",0,((U10)*5%)) -> 0 | F10: Adrian | G10: kdekom | H10: Da 7 | I10: Juillet | J10: =L10*2 -> 1550 | L10: 775 | M10: =L10 -> 775 | N10: 0 | O10: =M10-N10 -> 775 | P10: =(M10-N10)*10% -> 77.5 | S10: =(M10-N10-P10-Q10-R10)*7% -> 48.825 | U10: =M10-N10-P10-Q10-R10-S10-T10 -> 648.675 | V10: =U10-B10-D10 -> 583.8075 | X10: =100%-Y10-AA10-AC10-AE10-AG10-AI10-AK10-AM10-AO10-AQ10 -> 0.03 | Y10: =(97%-AA10-AC10-AE10-AG10-AI10-AK10-AM10-AO10-AQ10) -> 0.97 | Z10: =(V10*Y10)+Q10+R10 -> 566.29327 | AB10: =(V10*AA10) -> 0 | AF10: =V10*AE10 -> 0 | AH10: =V10*AG10 -> 0 | AJ10: =V10*AI10 -> 0 | AL10: =V10*AK10 -> 0 | AN10: =V10*AM10 -> 0 | AP10: =V10*AO10 -> 0 | AR10: =V10*AQ10 -> 0 | AT10: =X10*AS10 -> 0 | AU10: =V10*X10 -> 17.514225
A11: Colpa | B11: =IF(A11="",0,((U11)*20%)) -> 129.735 | D11: =IF(C11="",0,((U11)*5%)) -> 0 | F11: Adrian | G11: kdekom | H11: Da 8 | I11: Août | J11: =L11*2 -> 1550 | L11: 775 | M11: =L11 -> 775 | N11: 0 | O11: =M11-N11 -> 775 | P11: =(M11-N11)*10% -> 77.5 | S11: =(M11-N11-P11-Q11-R11)*7% -> 48.825 | U11: =M11-N11-P11-Q11-R11-S11-T11 -> 648.675 | V11: =U11-B11-D11 -> 518.94 | X11: =100%-Y11-AA11-AC11-AE11-AG11-AI11-AK11-AM11-AO11-AQ11 -> 0.03 | Y11: =(97%-AA11-AC11-AE11-AG11-AI11-AK11-AM11-AO11-AQ11) -> 0.92 | Z11: =(V11*Y11)+Q11+R11 -> 477.4248 | AA11: 0.05 | AB11: =(V11*AA11) -> 25.947 | AF11: =V11*AE11 -> 0 | AH11: =V11*AG11 -> 0 | AJ11: =V11*AI11 -> 0 | AL11: =V11*AK11 -> 0 | AN11: =V11*AM11 -> 0 | AP11: =V11*AO11 -> 0 | AR11: =V11*AQ11 -> 0 | AT11: =X11*AS11 -> 0 | AU11: =V11*X11 -> 15.5682
A12: Colpa | B12: =IF(A12="",0,((U12)*20%)) -> 122.5275 | D12: =IF(C12="",0,((U12)*5%)) -> 0 | F12: Adrian | G12: kdekom | H12: Da 9 | I12: Septembre | J12: =L12*2 -> 1550 | L12: 775 | M12: =L12 -> 775 | O12: =M12-N12 -> 775 | P12: =(M12-N12)*15% -> 116.25 | S12: =(M12-N12-P12-Q12-R12)*7% -> 46.1125 | U12: =M12-N12-P12-Q12-R12-S12-T12 -> 612.6375 | V12: =U12-B12-D12 -> 490.11 | X12: =100%-Y12-AA12-AC12-AE12-AG12-AI12-AK12-AM12-AO12-AQ12 -> 0.03 | Y12: =(97%-AA12-AC12-AE12-AG12-AI12-AK12-AM12-AO12-AQ12) -> 0.92 | Z12: =(V12*Y12)+Q12+R12 -> 450.9012 | AA12: 0.05 | AB12: =(V12*AA12) -> 24.5055 | AF12: =V12*AE12 -> 0 | AH12: =V12*AG12 -> 0 | AJ12: =V12*AI12 -> 0 | AL12: =V12*AK12 -> 0 | AN12: =V12*AM12 -> 0 | AP12: =V12*AO12 -> 0 | AR12: =V12*AQ12 -> 0 | AT12: =X12*AS12 -> 0 | AU12: =V12*X12 -> 14.7033
A13: Colpa | B13: =IF(A13="",0,((O13)*20%)) -> 155 | D13: =IF(C13="",0,((O13)*5%)) -> 0 | F13: Adrian | G13: kdekom | H13: Da 10 | I13: Octobre | J13: =L13*2 -> 1550 | L13: 775 | M13: =L13 -> 775 | O13: =M13-N13 -> 775 | P13: =(M13-N13)*5% -> 38.75 | S13: =(O13-P13)*7% -> 51.5375 | U13: =M13-N13-P13-Q13-R13-S13-T13 -> 684.7125 | V13: =U13-B13-D13 -> 529.7125 | X13: =100%-Y13-AA13-AC13-AE13-AG13-AI13-AK13-AM13-AO13-AQ13 -> 0.01 | Y13: =(99%-AA13-AC13-AE13-AG13-AI13-AK13-AM13-AO13-AQ13) -> 0.78 | Z13: =(V13*Y13)+Q13+R13 -> 413.17575 | AA13: 0.15 | AB13: =(V13*AA13) -> 79.456875 | AC13: 0.06 | AD13: =V13*AC13 -> 31.78275 | AF13: =V13*AE13 -> 0 | AH13: =V13*AG13 -> 0 | AJ13: =V13*AI13 -> 0 | AL13: =V13*AK13 -> 0 | AN13: =V13*AM13 -> 0 | AP13: =V13*AO13 -> 0 | AR13: =V13*AQ13 -> 0 | AT13: =X13*AS13 -> 0 | AU13: =V13*X13 -> 5.297125
A14: Colpa | B14: =IF(A14="",0,((O14)*20%)) -> 0 | D14: =IF(C14="",0,((O14)*5%)) -> 0 | F14: Adrian | G14: kdekom | H14: Da 11 | I14: Novembre | J14: =L14*2 -> 1550 | L14: 775 | N14: 0 | O14: =M14-N14 -> 0 | P14: =(M14-N14)*5% -> 0 | S14: =(O14-P14)*7% -> 0 | U14: =M14-N14-P14-Q14-R14-S14-T14 -> 0 | V14: =U14-B14-D14 -> 0 | X14: =100%-Y14-AA14-AC14-AE14-AG14-AI14-AK14-AM14-AO14-AQ14 -> 0.01 | Y14: =(99%-AA14-AC14-AE14-AG14-AI14-AK14-AM14-AO14-AQ14) -> 0.78 | Z14: =(V14*Y14)+Q14+R14 -> 0 | AA14: 0.15 | AB14: =(V14*AA14) -> 0 | AC14: 0.06 | AD14: =V14*AC14 -> 0 | AF14: =V14*AE14 -> 0 | AH14: =V14*AG14 -> 0 | AJ14: =V14*AI14 -> 0 | AL14: =V14*AK14 -> 0 | AN14: =V14*AM14 -> 0 | AP14: =V14*AO14 -> 0 | AR14: =V14*AQ14 -> 0 | AT14: =X14*AS14 -> 0 | AU14: =V14*X14 -> 0
A15: Colpa | B15: =IF(A15="",0,((O15)*20%)) -> 0 | D15: =IF(C15="",0,((O15)*5%)) -> 0 | F15: Adrian | G15: kdekom | H15: Da 12 | I15: Décembre | J15: =L15*2 -> 1550 | L15: 775 | N15: 0 | O15: =M15-N15 -> 0 | P15: =(M15-N15)*5% -> 0 | S15: =(O15-P15)*7% -> 0 | U15: =M15-N15-P15-Q15-R15-S15-T15 -> 0 | V15: =U15-B15-D15 -> 0 | X15: =100%-Y15-AA15-AC15-AE15-AG15-AI15-AK15-AM15-AO15-AQ15 -> 0.01 | Y15: =(99%-AA15-AC15-AE15-AG15-AI15-AK15-AM15-AO15-AQ15) -> 0.78 | Z15: =(V15*Y15)+Q15+R15 -> 0 | AA15: 0.15 | AB15: =(V15*AA15) -> 0 | AC15: 0.06 | AD15: =V15*AC15 -> 0 | AF15: =V15*AE15 -> 0 | AH15: =V15*AG15 -> 0 | AJ15: =V15*AI15 -> 0 | AL15: =V15*AK15 -> 0 | AN15: =V15*AM15 -> 0 | AP15: =V15*AO15 -> 0 | AR15: =V15*AQ15 -> 0 | AT15: =X15*AS15 -> 0 | AU15: =V15*X15 -> 0
AC16: 0.06
B17: =IF(A17="",0,((U17)*10%)) -> 0 | D17: =IF(C17="",0,((U17)*5%)) -> 0 | F17: Argan | G17: kdekom | H17: Da 1 | I17: Janvier | J17: =L17*2 -> 630 | L17: 315 | M17: =L17 -> 315 | N17: 2 | O17: =M17-N17 -> 313 | P17: =(M17-N17)*10% -> 31.3 | Q17: =(M17-N17)*10% -> 31.3 | R17: =(M17-N17-P17-Q17)*20% -> 50.08 | U17: =M17-N17-P17-Q17-R17-S17 -> 200.32 | V17: =U17-B17-D17 -> 200.32 | X17: =100%-Y17-AA17-AC17-AE17-AG17-AI17-AK17-AM17-AO17-AQ17 -> 0.03 | Y17: =(97%-AA17-AC17-AE17-AG17-AI17-AK17-AM17-AO17-AQ17) -> 0.97 | Z17: =(V17*Y17)+Q17+R17 -> 275.6904 | AB17: =(V17*AA17) -> 0 | AF17: =V17*AE17 -> 0 | AH17: =V17*AG17 -> 0 | AJ17: =V17*AI17 -> 0 | AL17: =V17*AK17 -> 0 | AN17: =V17*AM17 -> 0 | AP17: =V17*AO17 -> 0 | AR17: =V17*AQ17 -> 0 | AT17: =X17*AS17 -> 0 | AU17: =V17*X17 -> 6.0096
B18: =IF(A18="",0,((U18)*10%)) -> 0 | D18: =IF(C18="",0,((U18)*5%)) -> 0 | F18: Argan | G18: kdekom | H18: Da 2 | I18: Février | J18: =L18*2 -> 630 | L18: 315 | M18: =L18 -> 315 | N18: 2 | O18: =M18-N18 -> 313 | P18: =(M18-N18)*10% -> 31.3 | Q18: =(M18-N18)*10% -> 31.3 | R18: =(M18-N18-P18-Q18)*20% -> 50.08 | U18: =M18-N18-P18-Q18-R18-S18 -> 200.32 | V18: =U18-B18-D18 -> 200.32 | X18: =100%-Y18-AA18-AC18-AE18-AG18-AI18-AK18-AM18-AO18-AQ18 -> 0.03 | Y18: =(97%-AA18-AC18-AE18-AG18-AI18-AK18-AM18-AO18-AQ18) -> 0.97 | Z18: =(V18*Y18)+Q18+R18 -> 275.6904 | AB18: =(V18*AA18) -> 0 | AF18: =V18*AE18 -> 0 | AH18: =V18*AG18 -> 0 | AJ18: =V18*AI18 -> 0 | AL18: =V18*AK18 -> 0 | AN18: =V18*AM18 -> 0 | AP18: =V18*AO18 -> 0 | AR18: =V18*AQ18 -> 0 | AT18: =X18*AS18 -> 0 | AU18: =V18*X18 -> 6.0096
B19: =IF(A19="",0,((U19)*10%)) -> 0 | D19: =IF(C19="",0,((U19)*5%)) -> 0 | F19: Argan | G19: kdekom | H19: Da 3 | I19: Mars | J19: =L19*2 -> 630 | L19: 315 | M19: =L19 -> 315 | N19: 2 | O19: =M19-N19 -> 313 | P19: =(M19-N19)*10% -> 31.3 | Q19: =(M19-N19)*10% -> 31.3 | R19: =(M19-N19-P19-Q19)*20% -> 50.08 | U19: =M19-N19-P19-Q19-R19-S19 -> 200.32 | V19: =U19-B19-D19 -> 200.32 | X19: =100%-Y19-AA19-AC19-AE19-AG19-AI19-AK19-AM19-AO19-AQ19 -> 0.03 | Y19: =(97%-AA19-AC19-AE19-AG19-AI19-AK19-AM19-AO19-AQ19) -> 0.97 | Z19: =(V19*Y19)+Q19+R19 -> 275.6904 | AB19: =(V19*AA19) -> 0 | AF19: =V19*AE19 -> 0 | AH19: =V19*AG19 -> 0 | AJ19: =V19*AI19 -> 0 | AL19: =V19*AK19 -> 0 | AN19: =V19*AM19 -> 0 | AP19: =V19*AO19 -> 0 | AR19: =V19*AQ19 -> 0 | AT19: =X19*AS19 -> 0 | AU19: =V19*X19 -> 6.0096
B20: =IF(A20="",0,((U20)*10%)) -> 0 | D20: =IF(C20="",0,((U20)*5%)) -> 0 | F20: Argan | G20: kdekom | H20: Da 4 | I20: Avril | J20: =L20*2 -> 630 | L20: 315 | M20: =L20 -> 315 | N20: 2 | O20: =M20-N20 -> 313 | P20: =(M20-N20)*10% -> 31.3 | Q20: =(M20-N20)*10% -> 31.3 | R20: =(M20-N20-P20-Q20)*20% -> 50.08 | U20: =M20-N20-P20-Q20-R20-S20 -> 200.32 | V20: =U20-B20-D20 -> 200.32 | X20: =100%-Y20-AA20-AC20-AE20-AG20-AI20-AK20-AM20-AO20-AQ20 -> 0.03 | Y20: =(97%-AA20-AC20-AE20-AG20-AI20-AK20-AM20-AO20-AQ20) -> 0.97 | Z20: =(V20*Y20)+Q20+R20 -> 275.6904 | AB20: =(V20*AA20) -> 0 | AF20: =V20*AE20 -> 0 | AH20: =V20*AG20 -> 0 | AJ20: =V20*AI20 -> 0 | AL20: =V20*AK20 -> 0 | AN20: =V20*AM20 -> 0 | AP20: =V20*AO20 -> 0 | AR20: =V20*AQ20 -> 0 | AT20: =X20*AS20 -> 0 | AU20: =V20*X20 -> 6.0096
B21: =IF(A21="",0,((U21)*10%)) -> 0 | D21: =IF(C21="",0,((U21)*5%)) -> 0 | F21: Argan | G21: kdekom | H21: Da 5 | I21: Mai | J21: =L21*2 -> 630 | L21: 315 | M21: =L21 -> 315 | N21: 2 | O21: =M21-N21 -> 313 | P21: =(M21-N21)*10% -> 31.3 | Q21: =(M21-N21)*10% -> 31.3 | R21: =(M21-N21-P21-Q21)*20% -> 50.08 | U21: =M21-N21-P21-Q21-R21-S21 -> 200.32 | V21: =U21-B21-D21 -> 200.32 | X21: =100%-Y21-AA21-AC21-AE21-AG21-AI21-AK21-AM21-AO21-AQ21 -> 0.03 | Y21: =(97%-AA21-AC21-AE21-AG21-AI21-AK21-AM21-AO21-AQ21) -> 0.97 | Z21: =(V21*Y21)+Q21+R21 -> 275.6904 | AB21: =(V21*AA21) -> 0 | AF21: =V21*AE21 -> 0 | AH21: =V21*AG21 -> 0 | AJ21: =V21*AI21 -> 0 | AL21: =V21*AK21 -> 0 | AN21: =V21*AM21 -> 0 | AP21: =V21*AO21 -> 0 | AR21: =V21*AQ21 -> 0 | AT21: =X21*AS21 -> 0 | AU21: =V21*X21 -> 6.0096
B22: =IF(A22="",0,((U22)*10%)) -> 0 | D22: =IF(C22="",0,((U22)*5%)) -> 0 | F22: Argan | G22: kdekom | H22: Da 6 | I22: Juin | J22: =L22*2 -> 630 | L22: 315 | M22: =L22 -> 315 | N22: 0 | O22: =M22-N22 -> 315 | P22: =(M22-N22)*10% -> 31.5 | Q22: =(M22-N22)*10% -> 31.5 | R22: =(M22-N22-P22-Q22)*20% -> 50.4 | U22: =M22-N22-P22-Q22-R22-S22 -> 201.6 | V22: =U22-B22-D22 -> 201.6 | X22: =100%-Y22-AA22-AC22-AE22-AG22-AI22-AK22-AM22-AO22-AQ22 -> 0.03 | Y22: =(97%-AA22-AC22-AE22-AG22-AI22-AK22-AM22-AO22-AQ22) -> 0.97 | Z22: =(V22*Y22)+Q22+R22 -> 277.452 | AB22: =(V22*AA22) -> 0 | AF22: =V22*AE22 -> 0 | AH22: =V22*AG22 -> 0 | AJ22: =V22*AI22 -> 0 | AL22: =V22*AK22 -> 0 | AN22: =V22*AM22 -> 0 | AP22: =V22*AO22 -> 0 | AR22: =V22*AQ22 -> 0 | AT22: =X22*AS22 -> 0 | AU22: =V22*X22 -> 6.048
B23: =IF(A23="",0,((U23)*10%)) -> 0 | D23: =IF(C23="",0,((U23)*5%)) -> 0 | F23: Argan | G23: kdekom | H23: Da 7 | I23: Juillet | J23: =L23*2 -> 630 | L23: 315 | M23: =L23 -> 315 | N23: 0 | O23: =M23-N23 -> 315 | P23: =(M23-N23)*10% -> 31.5 | R23: =(M23-N23-P23-Q23)*20% -> 56.7 | U23: =M23-N23-P23-Q23-R23-S23 -> 226.8 | V23: =U23-B23-D23 -> 226.8 | X23: =100%-Y23-AA23-AC23-AE23-AG23-AI23-AK23-AM23-AO23-AQ23 -> 0.03 | Y23: =(97%-AA23-AC23-AE23-AG23-AI23-AK23-AM23-AO23-AQ23) -> 0.97 | Z23: =(V23*Y23)+Q23+R23 -> 276.696 | AB23: =(V23*AA23) -> 0 | AF23: =V23*AE23 -> 0 | AH23: =V23*AG23 -> 0 | AJ23: =V23*AI23 -> 0 | AL23: =V23*AK23 -> 0 | AN23: =V23*AM23 -> 0 | AP23: =V23*AO23 -> 0 | AR23: =V23*AQ23 -> 0 | AT23: =X23*AS23 -> 0 | AU23: =V23*X23 -> 6.804
B24: =IF(A24="",0,((U24)*10%)) -> 0 | D24: =IF(C24="",0,((U24)*5%)) -> 0 | F24: Argan | G24: kdekom | H24: Da 8 | I24: Août | J24: =L24*2 -> 630 | L24: 315 | M24: =L24 -> 315 | N24: 0 | O24: =M24-N24 -> 315 | P24: =(M24-N24)*10% -> 31.5 | U24: =M24-N24-P24-Q24-R24-S24 -> 283.5 | V24: =U24-B24-D24 -> 283.5 | X24: =100%-Y24-AA24-AC24-AE24-AG24-AI24-AK24-AM24-AO24-AQ24 -> 0.03 | Y24: =(97%-AA24-AC24-AE24-AG24-AI24-AK24-AM24-AO24-AQ24) -> 0.92 | Z24: =(V24*Y24)+Q24+R24 -> 260.82 | AA24: 0.05 | AB24: =(V24*AA24) -> 14.175 | AF24: =V24*AE24 -> 0 | AH24: =V24*AG24 -> 0 | AJ24: =V24*AI24 -> 0 | AL24: =V24*AK24 -> 0 | AN24: =V24*AM24 -> 0 | AP24: =V24*AO24 -> 0 | AR24: =V24*AQ24 -> 0 | AT24: =X24*AS24 -> 0 | AU24: =V24*X24 -> 8.505
B25: =IF(A25="",0,((U25)*10%)) -> 0 | D25: =IF(C25="",0,((U25)*5%)) -> 0 | F25: Argan | G25: kdekom | H25: Da 9 | I25: Septembre | J25: =L25*2 -> 630 | L25: 315 | M25: =L25 -> 315 | O25: =M25-N25 -> 315 | P25: =(M25-N25)*15% -> 47.25 | U25: =M25-N25-P25-Q25-R25-S25 -> 267.75 | V25: =U25-B25-D25 -> 267.75 | X25: =100%-Y25-AA25-AC25-AE25-AG25-AI25-AK25-AM25-AO25-AQ25 -> 0.03 | Y25: =(97%-AA25-AC25-AE25-AG25-AI25-AK25-AM25-AO25-AQ25) -> 0.92 | Z25: =(V25*Y25)+Q25+R25 -> 246.33 | AA25: 0.05 | AB25: =(V25*AA25) -> 13.3875 | AF25: =V25*AE25 -> 0 | AH25: =V25*AG25 -> 0 | AJ25: =V25*AI25 -> 0 | AL25: =V25*AK25 -> 0 | AN25: =V25*AM25 -> 0 | AP25: =V25*AO25 -> 0 | AR25: =V25*AQ25 -> 0 | AT25: =X25*AS25 -> 0 | AU25: =V25*X25 -> 8.0325
F26: Argan | G26: kdekom | H26: Da 10 | I26: Octobre | J26: =L26*2 -> 630 | L26: 315 | M26: =L26 -> 315 | O26: =M26-N26 -> 315 | P26: =(M26-N26)*5% -> 15.75 | S26: =(O26-P26)*7% -> 20.9475 | U26: =M26-N26-P26-Q26-R26-S26 -> 278.3025 | V26: =U26-B26-D26 -> 278.3025 | X26: =100%-Y26-AA26-AC26-AE26-AG26-AI26-AK26-AM26-AO26-AQ26 -> 0.01 | Y26: =(99%-AA26-AC26-AE26-AG26-AI26-AK26-AM26-AO26-AQ26) -> 0.78 | Z26: =(V26*Y26)+Q26+R26 -> 217.07595 | AA26: 0.15 | AB26: =(V26*AA26) -> 41.745375 | AC26: 0.06 | AD26: =V26*AC26 -> 16.69815 | AF26: =V26*AE26 -> 0 | AH26: =V26*AG26 -> 0 | AJ26: =V26*AI26 -> 0 | AL26: =V26*AK26 -> 0 | AN26: =V26*AM26 -> 0 | AP26: =V26*AO26 -> 0 | AR26: =V26*AQ26 -> 0 | AT26: =X26*AS26 -> 0 | AU26: =V26*X26 -> 2.783025
B27: =IF(A27="",0,((U27)*10%)) -> 0 | D27: =IF(C27="",0,((U27)*5%)) -> 0 | F27: Argan | G27: kdekom | H27: Da 11 | I27: Novembre | J27: =L27*2 -> 630 | L27: 315 | N27: 0 | O27: =M27-N27 -> 0 | P27: =(M27-N27)*5% -> 0 | S27: =(O27-P27)*7% -> 0 | U27: =M27-N27-P27-Q27-R27-S27 -> 0 | V27: =U27-B27-D27 -> 0 | X27: =100%-Y27-AA27-AC27-AE27-AG27-AI27-AK27-AM27-AO27-AQ27 -> 0.01 | Y27: =(99%-AA27-AC27-AE27-AG27-AI27-AK27-AM27-AO27-AQ27) -> 0.78 | Z27: =(V27*Y27)+Q27+R27 -> 0 | AA27: 0.15 | AB27: =(V27*AA27) -> 0 | AC27: 0.06 | AD27: =V27*AC27 -> 0 | AF27: =V27*AE27 -> 0 | AH27: =V27*AG27 -> 0 | AJ27: =V27*AI27 -> 0 | AL27: =V27*AK27 -> 0 | AN27: =V27*AM27 -> 0 | AP27: =V27*AO27 -> 0 | AR27: =V27*AQ27 -> 0 | AT27: =X27*AS27 -> 0 | AU27: =V27*X27 -> 0
B28: =IF(A28="",0,((U28)*10%)) -> 0 | D28: =IF(C28="",0,((U28)*5%)) -> 0 | F28: Argan | G28: kdekom | H28: Da 12 | I28: Décembre | J28: =L28*2 -> 630 | L28: 315 | N28: 0 | O28: =M28-N28 -> 0 | P28: =(M28-N28)*5% -> 0 | S28: =(O28-P28)*7% -> 0 | U28: =M28-N28-P28-Q28-R28-S28 -> 0 | V28: =U28-B28-D28 -> 0 | X28: =100%-Y28-AA28-AC28-AE28-AG28-AI28-AK28-AM28-AO28-AQ28 -> 0.01 | Y28: =(99%-AA28-AC28-AE28-AG28-AI28-AK28-AM28-AO28-AQ28) -> 0.78 | Z28: =(V28*Y28)+Q28+R28 -> 0 | AA28: 0.15 | AB28: =(V28*AA28) -> 0 | AC28: 0.06 | AD28: =V28*AC28 -> 0 | AF28: =V28*AE28 -> 0 | AH28: =V28*AG28 -> 0 | AJ28: =V28*AI28 -> 0 | AL28: =V28*AK28 -> 0 | AN28: =V28*AM28 -> 0 | AP28: =V28*AO28 -> 0 | AR28: =V28*AQ28 -> 0 | AT28: =X28*AS28 -> 0 | AU28: =V28*X28 -> 0
A30: Donovan | B30: =IF(A30="",0,((U30)*10%)) -> 33.80736 | D30: =IF(C30="",0,((U30)*5%)) -> 0 | F30: Aupus | G30: kdekom | H30: Da 1 | I30: Janvier | J30: =L30*2 -> 1136 | L30: 568 | M30: =L30 -> 568 | O30: =M30-N30 -> 568 | P30: =(M30-N30)*10% -> 56.8 | Q30: =(M30-N30)*10% -> 56.8 | R30: =(M30-N30-P30-Q30)*20% -> 90.88 | S30: =(O30-P30-Q30-R30)*7% -> 25.4464 | U30: =M30-N30-P30-Q30-R30-S30 -> 338.0736 | V30: =U30-B30-D30 -> 304.26624 | X30: =100%-Y30-AA30-AC30-AE30-AG30-AI30-AK30-AM30-AO30-AQ30 -> 0.03 | Y30: =(97%-AA30-AC30-AE30-AG30-AI30-AK30-AM30-AO30-AQ30) -> 0.97 | Z30: =(V30*Y30)+Q30+R30 -> 442.81825 | AB30: =(V30*AA30) -> 0 | AF30: =V30*AE30 -> 0 | AH30: =V30*AG30 -> 0 | AJ30: =V30*AI30 -> 0 | AL30: =V30*AK30 -> 0 | AN30: =V30*AM30 -> 0 | AP30: =V30*AO30 -> 0 | AR30: =V30*AQ30 -> 0 | AT30: =X30*AS30 -> 0 | AU30: =V30*X30 -> 9.1279872
A31: Donovan | B31: =IF(A31="",0,((U31)*10%)) -> 33.80736 | D31: =IF(C31="",0,((U31)*5%)) -> 0 | F31: Aupus | G31: kdekom | H31: Da 2 | I31: Février | J31: =L31*2 -> 1136 | L31: 568 | M31: =L31 -> 568 | N31: 0 | O31: =M31-N31 -> 568 | P31: =(M31-N31)*10% -> 56.8 | Q31: =(M31-N31)*10% -> 56.8 | R31: =(M31-N31-P31-Q31)*20% -> 90.88 | S31: =(O31-P31-Q31-R31)*7% -> 25.4464 | U31: =M31-N31-P31-Q31-R31-S31 -> 338.0736 | V31: =U31-B31-D31 -> 304.26624 | X31: =100%-Y31-AA31-AC31-AE31-AG31-AI31-AK31-AM31-AO31-AQ31 -> 0.03 | Y31: =(97%-AA31-AC31-AE31-AG31-AI31-AK31-AM31-AO31-AQ31) -> 0.97 | Z31: =(V31*Y31)+Q31+R31 -> 442.81825 | AB31: =(V31*AA31) -> 0 | AF31: =V31*AE31 -> 0 | AH31: =V31*AG31 -> 0 | AJ31: =V31*AI31 -> 0 | AL31: =V31*AK31 -> 0 | AN31: =V31*AM31 -> 0 | AP31: =V31*AO31 -> 0 | AR31: =V31*AQ31 -> 0 | AT31: =X31*AS31 -> 0 | AU31: =V31*X31 -> 9.1279872
A32: Donovan | B32: =IF(A32="",0,((U32)*10%)) -> 33.80736 | D32: =IF(C32="",0,((U32)*5%)) -> 0 | F32: Aupus | G32: kdekom | H32: Da 3 | I32: Mars | J32: =L32*2 -> 1136 | L32: 568 | M32: =L32 -> 568 | N32: 0 | O32: =M32-N32 -> 568 | P32: =(M32-N32)*10% -> 56.8 | Q32: =(M32-N32)*10% -> 56.8 | R32: =(M32-N32-P32-Q32)*20% -> 90.88 | S32: =(O32-P32-Q32-R32)*7% -> 25.4464 | U32: =M32-N32-P32-Q32-R32-S32 -> 338.0736 | V32: =U32-B32-D32 -> 304.26624 | X32: =100%-Y32-AA32-AC32-AE32-AG32-AI32-AK32-AM32-AO32-AQ32 -> 0.03 | Y32: =(97%-AA32-AC32-AE32-AG32-AI32-AK32-AM32-AO32-AQ32) -> 0.97 | Z32: =(V32*Y32)+Q32+R32 -> 442.81825 | AB32: =(V32*AA32) -> 0 | AF32: =V32*AE32 -> 0 | AH32: =V32*AG32 -> 0 | AJ32: =V32*AI32 -> 0 | AL32: =V32*AK32 -> 0 | AN32: =V32*AM32 -> 0 | AP32: =V32*AO32 -> 0 | AR32: =V32*AQ32 -> 0 | AT32: =X32*AS32 -> 0 | AU32: =V32*X32 -> 9.1279872
A33: Donovan | B33: =IF(A33="",0,((U33)*10%)) -> 33.80736 | D33: =IF(C33="",0,((U33)*5%)) -> 0 | F33: Aupus | G33: kdekom | H33: Da 4 | I33: Mai | J33: =L33*2 -> 1136 | L33: 568 | M33: =L33 -> 568 | N33: 0 | O33: =M33-N33 -> 568 | P33: =(M33-N33)*10% -> 56.8 | Q33: =(M33-N33)*10% -> 56.8 | R33: =(M33-N33-P33-Q33)*20% -> 90.88 | S33: =(O33-P33-Q33-R33)*7% -> 25.4464 | U33: =M33-N33-P33-Q33-R33-S33 -> 338.0736 | V33: =U33-B33-D33 -> 304.26624 | X33: =100%-Y33-AA33-AC33-AE33-AG33-AI33-AK33-AM33-AO33-AQ33 -> 0.03 | Y33: =(97%-AA33-AC33-AE33-AG33-AI33-AK33-AM33-AO33-AQ33) -> 0.97 | Z33: =(V33*Y33)+Q33+R33 -> 442.81825 | AB33: =(V33*AA33) -> 0 | AF33: =V33*AE33 -> 0 | AH33: =V33*AG33 -> 0 | AJ33: =V33*AI33 -> 0 | AL33: =V33*AK33 -> 0 | AN33: =V33*AM33 -> 0 | AP33: =V33*AO33 -> 0 | AR33: =V33*AQ33 -> 0 | AT33: =X33*AS33 -> 0 | AU33: =V33*X33 -> 9.1279872
A34: Donovan | B34: =IF(A34="",0,((U34)*10%)) -> 33.80736 | D34: =IF(C34="",0,((U34)*5%)) -> 0 | F34: Aupus | G34: kdekom | H34: Da 5 | I34: Mai | J34: =L34*2 -> 1136 | L34: 568 | M34: =L34 -> 568 | O34: =M34-N34 -> 568 | P34: =(M34-N34)*10% -> 56.8 | Q34: =(M34-N34)*10% -> 56.8 | R34: =(M34-N34-P34-Q34)*20% -> 90.88 | S34: =(O34-P34-Q34-R34)*7% -> 25.4464 | U34: =M34-N34-P34-Q34-R34-S34 -> 338.0736 | V34: =U34-B34-D34 -> 304.26624 | X34: =100%-Y34-AA34-AC34-AE34-AG34-AI34-AK34-AM34-AO34-AQ34 -> 0.03 | Y34: =(97%-AA34-AC34-AE34-AG34-AI34-AK34-AM34-AO34-AQ34) -> 0.97 | Z34: =(V34*Y34)+Q34+R34 -> 442.81825 | AB34: =(V34*AA34) -> 0 | AF34: =V34*AE34 -> 0 | AH34: =V34*AG34 -> 0 | AJ34: =V34*AI34 -> 0 | AL34: =V34*AK34 -> 0 | AN34: =V34*AM34 -> 0 | AP34: =V34*AO34 -> 0 | AR34: =V34*AQ34 -> 0 | AT34: =X34*AS34 -> 0 | AU34: =V34*X34 -> 9.1279872
B35: =IF(A35="",0,((U35)*10%)) -> 0 | D35: =IF(C35="",0,((U35)*5%)) -> 0 | F35: Aupus | G35: kdekom | H35: Da 6 | I35: Juillet | J35: =L35*2 -> 1136 | L35: 568 | M35: =L35 -> 568 | N35: 0 | O35: =M35-N35 -> 568 | P35: =(M35-N35)*10% -> 56.8 | Q35: =(M35-N35)*10% -> 56.8 | R35: =(M35-N35-P35-Q35)*20% -> 90.88 | S35: =(O35-P35-Q35-R35)*7% -> 25.4464 | U35: =M35-N35-P35-Q35-R35-S35 -> 338.0736 | V35: =U35-B35-D35 -> 338.0736 | X35: =100%-Y35-AA35-AC35-AE35-AG35-AI35-AK35-AM35-AO35-AQ35 -> 0.03 | Y35: =(97%-AA35-AC35-AE35-AG35-AI35-AK35-AM35-AO35-AQ35) -> 0.97 | Z35: =(V35*Y35)+Q35+R35 -> 475.61139 | AB35: =(V35*AA35) -> 0 | AF35: =V35*AE35 -> 0 | AH35: =V35*AG35 -> 0 | AJ35: =V35*AI35 -> 0 | AL35: =V35*AK35 -> 0 | AN35: =V35*AM35 -> 0 | AP35: =V35*AO35 -> 0 | AR35: =V35*AQ35 -> 0 | AT35: =X35*AS35 -> 0 | AU35: =V35*X35 -> 10.142208
B36: =IF(A36="",0,((U36)*10%)) -> 0 | D36: =IF(C36="",0,((U36)*5%)) -> 0 | F36: Aupus | G36: kdekom | H36: Da 7 | I36: Juillet | J36: =L36*2 -> 1136 | L36: 568 | M36: =L36 -> 568 | N36: 0 | O36: =M36-N36 -> 568 | P36: =(M36-N36)*10% -> 56.8 | R36: =(M36-N36-P36-Q36)*20% -> 102.24 | S36: =(O36-P36-Q36-R36)*7% -> 28.6272 | U36: =M36-N36-P36-Q36-R36-S36 -> 380.3328 | V36: =U36-B36-D36 -> 380.3328 | X36: =100%-Y36-AA36-AC36-AE36-AG36-AI36-AK36-AM36-AO36-AQ36 -> 0.03 | Y36: =(97%-AA36-AC36-AE36-AG36-AI36-AK36-AM36-AO36-AQ36) -> 0.97 | Z36: =(V36*Y36)+Q36+R36 -> 471.16282 | AB36: =(V36*AA36) -> 0 | AF36: =V36*AE36 -> 0 | AH36: =V36*AG36 -> 0 | AJ36: =V36*AI36 -> 0 | AL36: =V36*AK36 -> 0 | AN36: =V36*AM36 -> 0 | AP36: =V36*AO36 -> 0 | AR36: =V36*AQ36 -> 0 | AT36: =X36*AS36 -> 0 | AU36: =V36*X36 -> 11.409984
B37: =IF(A37="",0,((U37)*10%)) -> 0 | D37: =IF(C37="",0,((U37)*5%)) -> 0 | F37: Aupus | G37: kdekom | H37: Da 8 | I37: Août | J37: =L37*2 -> 1136 | L37: 568 | M37: =L37 -> 568 | N37: 0 | O37: =M37-N37 -> 568 | P37: =(M37-N37)*10% -> 56.8 | S37: =(O37-P37-Q37-R37)*7% -> 35.784 | U37: =M37-N37-P37-Q37-R37-S37 -> 475.416 | V37: =U37-B37-D37 -> 475.416 | X37: =100%-Y37-AA37-AC37-AE37-AG37-AI37-AK37-AM37-AO37-AQ37 -> 0.03 | Y37: =(97%-AA37-AC37-AE37-AG37-AI37-AK37-AM37-AO37-AQ37) -> 0.92 | Z37: =(V37*Y37)+Q37+R37 -> 437.38272 | AA37: 0.05 | AB37: =(V37*AA37) -> 23.7708 | AF37: =V37*AE37 -> 0 | AH37: =V37*AG37 -> 0 | AJ37: =V37*AI37 -> 0 | AL37: =V37*AK37 -> 0 | AN37: =V37*AM37 -> 0 | AP37: =V37*AO37 -> 0 | AR37: =V37*AQ37 -> 0 | AT37: =X37*AS37 -> 0 | AU37: =V37*X37 -> 14.26248
B38: =IF(A38="",0,((U38)*10%)) -> 0 | D38: =IF(C38="",0,((U38)*5%)) -> 0 | F38: Aupus | G38: kdekom | H38: Da 9 | I38: Septembre | J38: =L38*2 -> 1136 | L38: 568 | M38: =L38 -> 568 | O38: =M38-N38 -> 568 | P38: =(M38-N38)*15% -> 85.2 | S38: =(O38-P38-Q38-R38)*7% -> 33.796 | U38: =M38-N38-P38-Q38-R38-S38 -> 449.004 | V38: =U38-B38-D38 -> 449.004 | X38: =100%-Y38-AA38-AC38-AE38-AG38-AI38-AK38-AM38-AO38-AQ38 -> 0.03 | Y38: =(97%-AA38-AC38-AE38-AG38-AI38-AK38-AM38-AO38-AQ38) -> 0.92 | Z38: =(V38*Y38)+Q38+R38 -> 413.08368 | AA38: 0.05 | AB38: =(V38*AA38) -> 22.4502 | AF38: =V38*AE38 -> 0 | AH38: =V38*AG38 -> 0 | AJ38: =V38*AI38 -> 0 | AL38: =V38*AK38 -> 0 | AN38: =V38*AM38 -> 0 | AP38: =V38*AO38 -> 0 | AR38: =V38*AQ38 -> 0 | AT38: =X38*AS38 -> 0 | AU38: =V38*X38 -> 13.47012
F39: Aupus | G39: kdekom | H39: Da 10 | I39: Octobre | J39: =L39*2 -> 1136 | L39: 568 | O39: =M39-N39 -> 0 | P39: =(M39-N39)*5% -> 0 | S39: =(O39-P39)*7% -> 0 | U39: =M39-N39-P39-Q39-R39-S39 -> 0 | V39: =U39-B39-D39 -> 0 | X39: =100%-Y39-AA39-AC39-AE39-AG39-AI39-AK39-AM39-AO39-AQ39 -> 0.01 | Y39: =(99%-AA39-AC39-AE39-AG39-AI39-AK39-AM39-AO39-AQ39) -> 0.78 | Z39: =(V39*Y39)+Q39+R39 -> 0 | AA39: 0.15 | AB39: =(V39*AA39) -> 0 | AC39: 0.06 | AD39: =V39*AC39 -> 0 | AF39: =V39*AE39 -> 0 | AH39: =V39*AG39 -> 0 | AJ39: =V39*AI39 -> 0 | AL39: =V39*AK39 -> 0 | AN39: =V39*AM39 -> 0 | AP39: =V39*AO39 -> 0 | AR39: =V39*AQ39 -> 0 | AT39: =X39*AS39 -> 0 | AU39: =V39*X39 -> 0
B40: =IF(A40="",0,((U40)*10%)) -> 0 | D40: =IF(C40="",0,((U40)*5%)) -> 0 | F40: Aupus | G40: kdekom | H40: Da 11 | I40: Novembre | J40: =L40*2 -> 1136 | L40: 568 | N40: 0 | O40: =M40-N40 -> 0 | P40: =(M40-N40)*5% -> 0 | S40: =(O40-P40)*7% -> 0 | U40: =M40-N40-P40-Q40-R40-S40 -> 0 | V40: =U40-B40-D40 -> 0 | X40: =100%-Y40-AA40-AC40-AE40-AG40-AI40-AK40-AM40-AO40-AQ40 -> 0.01 | Y40: =(99%-AA40-AC40-AE40-AG40-AI40-AK40-AM40-AO40-AQ40) -> 0.78 | Z40: =(V40*Y40)+Q40+R40 -> 0 | AA40: 0.15 | AB40: =(V40*AA40) -> 0 | AC40: 0.06 | AD40: =V40*AC40 -> 0 | AF40: =V40*AE40 -> 0 | AH40: =V40*AG40 -> 0 | AJ40: =V40*AI40 -> 0 | AL40: =V40*AK40 -> 0 | AN40: =V40*AM40 -> 0 | AP40: =V40*AO40 -> 0 | AR40: =V40*AQ40 -> 0 | AT40: =X40*AS40 -> 0 | AU40: =V40*X40 -> 0
B41: =IF(A41="",0,((U41)*10%)) -> 0 | D41: =IF(C41="",0,((U41)*5%)) -> 0 | F41: Aupus | G41: kdekom | H41: Da 12 | I41: Décembre | J41: =L41*2 -> 1136 | L41: 568 | N41: 0 | O41: =M41-N41 -> 0 | P41: =(M41-N41)*5% -> 0 | S41: =(O41-P41)*7% -> 0 | U41: =M41-N41-P41-Q41-R41-S41 -> 0 | V41: =U41-B41-D41 -> 0 | X41: =100%-Y41-AA41-AC41-AE41-AG41-AI41-AK41-AM41-AO41-AQ41 -> 0.01 | Y41: =(99%-AA41-AC41-AE41-AG41-AI41-AK41-AM41-AO41-AQ41) -> 0.78 | Z41: =(V41*Y41)+Q41+R41 -> 0 | AA41: 0.15 | AB41: =(V41*AA41) -> 0 | AC41: 0.06 | AD41: =V41*AC41 -> 0 | AF41: =V41*AE41 -> 0 | AH41: =V41*AG41 -> 0 | AJ41: =V41*AI41 -> 0 | AL41: =V41*AK41 -> 0 | AN41: =V41*AM41 -> 0 | AP41: =V41*AO41 -> 0 | AR41: =V41*AQ41 -> 0 | AT41: =X41*AS41 -> 0 | AU41: =V41*X41 -> 0
B42: =IF(A42="",0,((U42)*10%)) -> 0 | D42: =IF(C42="",0,((U42)*5%)) -> 0 | F42: Aupus | G42: kdekom | H42: Dette Juillet | I42: Juillet | J42: =L42 -> 1000 | L42: 1000 | M42: =L42 -> 1000 | N42: 0 | U42: =M42-N42-P42-Q42-R42-S42 -> 1000 | V42: =U42-B42-D42 -> 1000 | X42: =100%-Y42-AA42-AC42-AE42-AG42-AI42-AK42-AM42-AO42-AQ42 -> 0.03 | Y42: =(97%-AA42-AC42-AE42-AG42-AI42-AK42-AM42-AO42-AQ42) -> 0.97 | Z42: =(V42*Y42)+Q42+R42 -> 970 | AB42: =(V42*AA42) -> 0 | AF42: =V42*AE42 -> 0 | AH42: =V42*AG42 -> 0 | AJ42: =V42*AI42 -> 0 | AL42: =V42*AK42 -> 0 | AN42: =V42*AM42 -> 0 | AP42: =V42*AO42 -> 0 | AR42: =V42*AQ42 -> 0 | AT42: =X42*AS42 -> 0 | AU42: =V42*X42 -> 30
A44: Vero | B44: =IF(A44="",0,((U44)*10%)) -> 10.59456 | D44: =IF(C44="",0,((U44)*5%)) -> 0 | F44: Camping | G44: kdekom | H44: Da 1 | I44: Janvier | J44: =L44*2 -> 360 | L44: 180 | M44: =L44 -> 180 | N44: 2 | O44: =M44-N44 -> 178 | P44: =(M44-N44)*10% -> 17.8 | Q44: =(M44-N44)*10% -> 17.8 | R44: =(M44-N44-P44-Q44)*20% -> 28.48 | S44: =(O44-P44-Q44-R44)*7% -> 7.9744 | T44: =(M44-N44-P44-Q44-R44-S44)*10% -> 10.59456 | U44: =M44-N44-P44-Q44-R44-S44 -> 105.9456 | V44: =U44-B44-D44 -> 95.35104 | X44: =100%-Y44-AA44-AC44-AE44-AG44-AI44-AK44-AM44-AO44-AQ44 -> 0.03 | Y44: =(97%-AA44-AC44-AE44-AG44-AI44-AK44-AM44-AO44-AQ44) -> 0.97 | Z44: =(V44*Y44)+Q44+R44 -> 138.77051 | AB44: =(V44*AA44) -> 0 | AF44: =V44*AE44 -> 0 | AH44: =V44*AG44 -> 0 | AJ44: =V44*AI44 -> 0 | AL44: =V44*AK44 -> 0 | AN44: =V44*AM44 -> 0 | AP44: =V44*AO44 -> 0 | AR44: =V44*AQ44 -> 0 | AT44: =X44*AS44 -> 0 | AU44: =V44*X44 -> 2.8605312
A45: Vero | B45: =IF(A45="",0,((U45)*10%)) -> 10.59456 | D45: =IF(C45="",0,((U45)*5%)) -> 0 | F45: Camping | G45: kdekom | H45: Da 2 | I45: Février | J45: =L45*2 -> 360 | L45: 180 | M45: =L45 -> 180 | N45: 2 | O45: =M45-N45 -> 178 | P45: =(M45-N45)*10% -> 17.8 | Q45: =(M45-N45)*10% -> 17.8 | R45: =(M45-N45-P45-Q45)*20% -> 28.48 | S45: =(O45-P45-Q45-R45)*7% -> 7.9744 | T45: =(M45-N45-P45-Q45-R45-S45)*10% -> 10.59456 | U45: =M45-N45-P45-Q45-R45-S45 -> 105.9456 | V45: =U45-B45-D45 -> 95.35104 | X45: =100%-Y45-AA45-AC45-AE45-AG45-AI45-AK45-AM45-AO45-AQ45 -> 0.03 | Y45: =(97%-AA45-AC45-AE45-AG45-AI45-AK45-AM45-AO45-AQ45) -> 0.97 | Z45: =(V45*Y45)+Q45+R45 -> 138.77051 | AB45: =(V45*AA45) -> 0 | AF45: =V45*AE45 -> 0 | AH45: =V45*AG45 -> 0 | AJ45: =V45*AI45 -> 0 | AL45: =V45*AK45 -> 0 | AN45: =V45*AM45 -> 0 | AP45: =V45*AO45 -> 0 | AR45: =V45*AQ45 -> 0 | AT45: =X45*AS45 -> 0 | AU45: =V45*X45 -> 2.8605312
A46: Vero | B46: =IF(A46="",0,((U46)*10%)) -> 10.59456 | D46: =IF(C46="",0,((U46)*5%)) -> 0 | F46: Camping | G46: kdekom | H46: Da 3 | I46: Mars | J46: =L46*2 -> 360 | L46: 180 | M46: =L46 -> 180 | N46: 2 | O46: =M46-N46 -> 178 | P46: =(M46-N46)*10% -> 17.8 | Q46: =(M46-N46)*10% -> 17.8 | R46: =(M46-N46-P46-Q46)*20% -> 28.48 | S46: =(O46-P46-Q46-R46)*7% -> 7.9744 | T46: =(M46-N46-P46-Q46-R46-S46)*10% -> 10.59456 | U46: =M46-N46-P46-Q46-R46-S46 -> 105.9456 | V46: =U46-B46-D46 -> 95.35104 | X46: =100%-Y46-AA46-AC46-AE46-AG46-AI46-AK46-AM46-AO46-AQ46 -> 0.03 | Y46: =(97%-AA46-AC46-AE46-AG46-AI46-AK46-AM46-AO46-AQ46) -> 0.97 | Z46: =(V46*Y46)+Q46+R46 -> 138.77051 | AB46: =(V46*AA46) -> 0 | AF46: =V46*AE46 -> 0 | AH46: =V46*AG46 -> 0 | AJ46: =V46*AI46 -> 0 | AL46: =V46*AK46 -> 0 | AN46: =V46*AM46 -> 0 | AP46: =V46*AO46 -> 0 | AR46: =V46*AQ46 -> 0 | AT46: =X46*AS46 -> 0 | AU46: =V46*X46 -> 2.8605312
A47: Vero | B47: =IF(A47="",0,((U47)*10%)) -> 10.59456 | D47: =IF(C47="",0,((U47)*5%)) -> 0 | F47: Camping | G47: kdekom | H47: Da 4 | I47: Avril | J47: =L47*2 -> 360 | L47: 180 | M47: =L47 -> 180 | N47: 2 | O47: =M47-N47 -> 178 | P47: =(M47-N47)*10% -> 17.8 | Q47: =(M47-N47)*10% -> 17.8 | R47: =(M47-N47-P47-Q47)*20% -> 28.48 | S47: =(O47-P47-Q47-R47)*7% -> 7.9744 | T47: =(M47-N47-P47-Q47-R47-S47)*10% -> 10.59456 | U47: =M47-N47-P47-Q47-R47-S47 -> 105.9456 | V47: =U47-B47-D47 -> 95.35104 | X47: =100%-Y47-AA47-AC47-AE47-AG47-AI47-AK47-AM47-AO47-AQ47 -> 0.03 | Y47: =(97%-AA47-AC47-AE47-AG47-AI47-AK47-AM47-AO47-AQ47) -> 0.97 | Z47: =(V47*Y47)+Q47+R47 -> 138.77051 | AB47: =(V47*AA47) -> 0 | AF47: =V47*AE47 -> 0 | AH47: =V47*AG47 -> 0 | AJ47: =V47*AI47 -> 0 | AL47: =V47*AK47 -> 0 | AN47: =V47*AM47 -> 0 | AP47: =V47*AO47 -> 0 | AR47: =V47*AQ47 -> 0 | AT47: =X47*AS47 -> 0 | AU47: =V47*X47 -> 2.8605312
A48: Vero | B48: =IF(A48="",0,((U48)*10%)) -> 10.59456 | D48: =IF(C48="",0,((U48)*5%)) -> 0 | F48: Camping | G48: kdekom | H48: Da 5 | I48: Mai | J48: =L48*2 -> 360 | L48: 180 | M48: =L48 -> 180 | N48: 2 | O48: =M48-N48 -> 178 | P48: =(M48-N48)*10% -> 17.8 | Q48: =(M48-N48)*10% -> 17.8 | R48: =(M48-N48-P48-Q48)*20% -> 28.48 | S48: =(O48-P48-Q48-R48)*7% -> 7.9744 | T48: =(M48-N48-P48-Q48-R48-S48)*10% -> 10.59456 | U48: =M48-N48-P48-Q48-R48-S48 -> 105.9456 | V48: =U48-B48-D48 -> 95.35104 | X48: =100%-Y48-AA48-AC48-AE48-AG48-AI48-AK48-AM48-AO48-AQ48 -> 0.03 | Y48: =(97%-AA48-AC48-AE48-AG48-AI48-AK48-AM48-AO48-AQ48) -> 0.97 | Z48: =(V48*Y48)+Q48+R48 -> 138.77051 | AB48: =(V48*AA48) -> 0 | AF48: =V48*AE48 -> 0 | AH48: =V48*AG48 -> 0 | AJ48: =V48*AI48 -> 0 | AL48: =V48*AK48 -> 0 | AN48: =V48*AM48 -> 0 | AP48: =V48*AO48 -> 0 | AR48: =V48*AQ48 -> 0 | AT48: =X48*AS48 -> 0 | AU48: =V48*X48 -> 2.8605312
A49: Vero | B49: =IF(A49="",0,((U49)*10%)) -> 10.7136 | D49: =IF(C49="",0,((U49)*5%)) -> 0 | F49: Camping | G49: kdekom | H49: Da 6 | I49: Juin | J49: =L49*2 -> 360 | L49: 180 | M49: =L49 -> 180 | N49: 0 | O49: =M49-N49 -> 180 | P49: =(M49-N49)*10% -> 18 | Q49: =(M49-N49)*10% -> 18 | R49: =(M49-N49-P49-Q49)*20% -> 28.8 | S49: =(O49-P49-Q49-R49)*7% -> 8.064 | T49: =(M49-N49-P49-Q49-R49-S49)*10% -> 10.7136 | U49: =M49-N49-P49-Q49-R49-S49 -> 107.136 | V49: =U49-B49-D49 -> 96.4224 | X49: =100%-Y49-AA49-AC49-AE49-AG49-AI49-AK49-AM49-AO49-AQ49 -> 0.03 | Y49: =(97%-AA49-AC49-AE49-AG49-AI49-AK49-AM49-AO49-AQ49) -> 0.97 | Z49: =(V49*Y49)+Q49+R49 -> 140.32973 | AB49: =(V49*AA49) -> 0 | AF49: =V49*AE49 -> 0 | AH49: =V49*AG49 -> 0 | AJ49: =V49*AI49 -> 0 | AL49: =V49*AK49 -> 0 | AN49: =V49*AM49 -> 0 | AP49: =V49*AO49 -> 0 | AR49: =V49*AQ49 -> 0 | AT49: =X49*AS49 -> 0 | AU49: =V49*X49 -> 2.892672
A50: Vero | B50: =IF(A50="",0,((U50)*10%)) -> 12.0528 | D50: =IF(C50="",0,((U50)*5%)) -> 0 | F50: Camping | G50: kdekom | H50: Da 7 | I50: Juillet | J50: =L50*2 -> 360 | L50: 180 | M50: =L50 -> 180 | N50: 0 | O50: =M50-N50 -> 180 | P50: =(M50-N50)*10% -> 18 | R50: =(M50-N50-P50-Q50)*20% -> 32.4 | S50: =(O50-P50-Q50-R50)*7% -> 9.072 | T50: =(M50-N50-P50-Q50-R50-S50)*10% -> 12.0528 | U50: =M50-N50-P50-Q50-R50-S50 -> 120.528 | V50: =U50-B50-D50 -> 108.4752 | X50: =100%-Y50-AA50-AC50-AE50-AG50-AI50-AK50-AM50-AO50-AQ50 -> 0.03 | Y50: =(97%-AA50-AC50-AE50-AG50-AI50-AK50-AM50-AO50-AQ50) -> 0.97 | Z50: =(V50*Y50)+Q50+R50 -> 137.62094 | AB50: =(V50*AA50) -> 0 | AF50: =V50*AE50 -> 0 | AH50: =V50*AG50 -> 0 | AJ50: =V50*AI50 -> 0 | AL50: =V50*AK50 -> 0 | AN50: =V50*AM50 -> 0 | AP50: =V50*AO50 -> 0 | AR50: =V50*AQ50 -> 0 | AT50: =X50*AS50 -> 0 | AU50: =V50*X50 -> 3.254256
A51: Vero | B51: =IF(A51="",0,((U51)*10%)) -> 15.066 | D51: =IF(C51="",0,((U51)*5%)) -> 0 | F51: Camping | G51: kdekom | H51: Da 8 | I51: Août | J51: =L51*2 -> 360 | L51: 180 | M51: =L51 -> 180 | N51: 0 | O51: =M51-N51 -> 180 | P51: =(M51-N51)*10% -> 18 | S51: =(O51-P51-Q51-R51)*7% -> 11.34 | T51: =(M51-N51-P51-Q51-R51-S51)*10% -> 15.066 | U51: =M51-N51-P51-Q51-R51-S51 -> 150.66 | V51: =U51-B51-D51 -> 135.594 | X51: =100%-Y51-AA51-AC51-AE51-AG51-AI51-AK51-AM51-AO51-AQ51 -> 0.03 | Y51: =(97%-AA51-AC51-AE51-AG51-AI51-AK51-AM51-AO51-AQ51) -> 0.92 | Z51: =(V51*Y51)+Q51+R51 -> 124.74648 | AA51: 0.05 | AB51: =(V51*AA51) -> 6.7797 | AF51: =V51*AE51 -> 0 | AH51: =V51*AG51 -> 0 | AJ51: =V51*AI51 -> 0 | AL51: =V51*AK51 -> 0 | AN51: =V51*AM51 -> 0 | AP51: =V51*AO51 -> 0 | AR51: =V51*AQ51 -> 0 | AT51: =X51*AS51 -> 0 | AU51: =V51*X51 -> 4.06782
A52: Vero | B52: =IF(A52="",0,((U52)*10%)) -> 14.229 | D52: =IF(C52="",0,((U52)*5%)) -> 0 | F52: Camping | G52: kdekom | H52: Da 9 | I52: Septembre | J52: =L52*2 -> 360 | L52: 180 | M52: =L52 -> 180 | O52: =M52-N52 -> 180 | P52: =(M52-N52)*15% -> 27 | S52: =(O52-P52-Q52-R52)*7% -> 10.71 | U52: =M52-N52-P52-Q52-R52-S52 -> 142.29 | V52: =U52-B52-D52 -> 128.061 | X52: =100%-Y52-AA52-AC52-AE52-AG52-AI52-AK52-AM52-AO52-AQ52 -> 0.03 | Y52: =(97%-AA52-AC52-AE52-AG52-AI52-AK52-AM52-AO52-AQ52) -> 0.92 | Z52: =(V52*Y52)+Q52+R52 -> 117.81612 | AA52: 0.05 | AB52: =(V52*AA52) -> 6.40305 | AF52: =V52*AE52 -> 0 | AH52: =V52*AG52 -> 0 | AJ52: =V52*AI52 -> 0 | AL52: =V52*AK52 -> 0 | AN52: =V52*AM52 -> 0 | AP52: =V52*AO52 -> 0 | AR52: =V52*AQ52 -> 0 | AT52: =X52*AS52 -> 0 | AU52: =V52*X52 -> 3.84183
A53: Vero | B53: =IF(A53="",0,((O53)*20%)) -> 36 | D53: =IF(C53="",0,((O53)*5%)) -> 0 | F53: Camping | G53: kdekom | H53: Da 10 | I53: Octobre | J53: =L53*2 -> 360 | L53: 180 | M53: =L53 -> 180 | O53: =M53-N53 -> 180 | P53: =(M53-N53)*5% -> 9 | S53: =(O53-P53)*7% -> 11.97 | U53: =M53-N53-P53-Q53-R53-S53 -> 159.03 | V53: =U53-B53-D53 -> 123.03 | X53: =100%-Y53-AA53-AC53-AE53-AG53-AI53-AK53-AM53-AO53-AQ53 -> 0.01 | Y53: =(99%-AA53-AC53-AE53-AG53-AI53-AK53-AM53-AO53-AQ53) -> 0.78 | Z53: =(V53*Y53)+Q53+R53 -> 95.9634 | AA53: 0.15 | AB53: =(V53*AA53) -> 18.4545 | AC53: 0.06 | AD53: =V53*AC53 -> 7.3818 | AF53: =V53*AE53 -> 0 | AH53: =V53*AG53 -> 0 | AJ53: =V53*AI53 -> 0 | AL53: =V53*AK53 -> 0 | AN53: =V53*AM53 -> 0 | AP53: =V53*AO53 -> 0 | AR53: =V53*AQ53 -> 0 | AT53: =X53*AS53 -> 0 | AU53: =V53*X53 -> 1.2303
A54: Vero | B54: =IF(A54="",0,((O54)*20%)) -> 36 | D54: =IF(C54="",0,((O54)*5%)) -> 0 | F54: Camping | G54: kdekom | H54: Da 11 | I54: Novembre | J54: =L54*2 -> 360 | L54: 180 | M54: =L54 -> 180 | N54: 0 | O54: =M54-N54 -> 180 | P54: =(M54-N54)*5% -> 9 | S54: =(O54-P54)*7% -> 11.97 | U54: =M54-N54-P54-Q54-R54-S54 -> 159.03 | V54: =U54-B54-D54 -> 123.03 | X54: =100%-Y54-AA54-AC54-AE54-AG54-AI54-AK54-AM54-AO54-AQ54 -> 0.01 | Y54: =(99%-AA54-AC54-AE54-AG54-AI54-AK54-AM54-AO54-AQ54) -> 0.78 | Z54: =(V54*Y54)+Q54+R54 -> 95.9634 | AA54: 0.15 | AB54: =(V54*AA54) -> 18.4545 | AC54: 0.06 | AD54: =V54*AC54 -> 7.3818 | AF54: =V54*AE54 -> 0 | AH54: =V54*AG54 -> 0 | AJ54: =V54*AI54 -> 0 | AL54: =V54*AK54 -> 0 | AN54: =V54*AM54 -> 0 | AP54: =V54*AO54 -> 0 | AR54: =V54*AQ54 -> 0 | AT54: =X54*AS54 -> 0 | AU54: =V54*X54 -> 1.2303
A55: Vero | B55: =IF(A55="",0,((O55)*20%)) -> 36 | D55: =IF(C55="",0,((O55)*5%)) -> 0 | F55: Camping | G55: kdekom | H55: Da 12 | I55: Décembre | J55: =L55*2 -> 360 | L55: 180 | M55: =L55 -> 180 | N55: 0 | O55: =M55-N55 -> 180 | P55: =(M55-N55)*5% -> 9 | S55: =(O55-P55)*7% -> 11.97 | U55: =M55-N55-P55-Q55-R55-S55 -> 159.03 | V55: =U55-B55-D55 -> 123.03 | X55: =100%-Y55-AA55-AC55-AE55-AG55-AI55-AK55-AM55-AO55-AQ55 -> 0.01 | Y55: =(99%-AA55-AC55-AE55-AG55-AI55-AK55-AM55-AO55-AQ55) -> 0.78 | Z55: =(V55*Y55)+Q55+R55 -> 95.9634 | AA55: 0.15 | AB55: =(V55*AA55) -> 18.4545 | AC55: 0.06 | AD55: =V55*AC55 -> 7.3818 | AF55: =V55*AE55 -> 0 | AH55: =V55*AG55 -> 0 | AJ55: =V55*AI55 -> 0 | AL55: =V55*AK55 -> 0 | AN55: =V55*AM55 -> 0 | AP55: =V55*AO55 -> 0 | AR55: =V55*AQ55 -> 0 | AT55: =X55*AS55 -> 0 | AU55: =V55*X55 -> 1.2303
A57: Na Oya | B57: =IF(A57="",0,((U57)*10%)) -> 27.3792 | D57: =IF(C57="",0,((U57)*5%)) -> 0 | F57: Colpa | G57: kdekom | H57: Da 1 | I57: Janvier | J57: =L57*2 -> 924 | L57: 462 | M57: =L57 -> 462 | N57: 2 | O57: =M57-N57 -> 460 | P57: =(M57-N57)*10% -> 46 | Q57: =(M57-N57)*10% -> 46 | R57: =(M57-N57-P57-Q57)*20% -> 73.6 | S57: =(O57-P57-Q57-R57)*7% -> 20.608 | T57: =(M57-N57-P57-Q57-R57-S57)*10% -> 27.3792 | U57: =M57-N57-P57-Q57-R57-S57 -> 273.792 | V57: =U57-B57-D57 -> 246.4128 | X57: =100%-Y57-AA57-AC57-AE57-AG57-AI57-AK57-AM57-AO57-AQ57 -> 0.03 | Y57: =(97%-AA57-AC57-AE57-AG57-AI57-AK57-AM57-AO57-AQ57) -> 0.97 | Z57: =(V57*Y57)+Q57+R57 -> 358.62042 | AB57: =(V57*AA57) -> 0 | AF57: =V57*AE57 -> 0 | AH57: =V57*AG57 -> 0 | AJ57: =V57*AI57 -> 0 | AL57: =V57*AK57 -> 0 | AN57: =V57*AM57 -> 0 | AP57: =V57*AO57 -> 0 | AR57: =V57*AQ57 -> 0 | AT57: =X57*AS57 -> 0 | AU57: =V57*X57 -> 7.392384
A58: Na Oya | B58: =IF(A58="",0,((U58)*10%)) -> 27.3792 | D58: =IF(C58="",0,((U58)*5%)) -> 0 | F58: Colpa | G58: kdekom | H58: Da 2 | I58: Février | J58: =L58*2 -> 924 | L58: 462 | M58: =L58 -> 462 | N58: 2 | O58: =M58-N58 -> 460 | P58: =(M58-N58)*10% -> 46 | Q58: =(M58-N58)*10% -> 46 | R58: =(M58-N58-P58-Q58)*20% -> 73.6 | S58: =(O58-P58-Q58-R58)*7% -> 20.608 | T58: =(M58-N58-P58-Q58-R58-S58)*10% -> 27.3792 | U58: =M58-N58-P58-Q58-R58-S58 -> 273.792 | V58: =U58-B58-D58 -> 246.4128 | X58: =100%-Y58-AA58-AC58-AE58-AG58-AI58-AK58-AM58-AO58-AQ58 -> 0.03 | Y58: =(97%-AA58-AC58-AE58-AG58-AI58-AK58-AM58-AO58-AQ58) -> 0.97 | Z58: =(V58*Y58)+Q58+R58 -> 358.62042 | AB58: =(V58*AA58) -> 0 | AF58: =V58*AE58 -> 0 | AH58: =V58*AG58 -> 0 | AJ58: =V58*AI58 -> 0 | AL58: =V58*AK58 -> 0 | AN58: =V58*AM58 -> 0 | AP58: =V58*AO58 -> 0 | AR58: =V58*AQ58 -> 0 | AT58: =X58*AS58 -> 0 | AU58: =V58*X58 -> 7.392384
A59: Na Oya | B59: =IF(A59="",0,((U59)*10%)) -> 27.3792 | D59: =IF(C59="",0,((U59)*5%)) -> 0 | F59: Colpa | G59: kdekom | H59: Da 3 | I59: Mars | J59: =L59*2 -> 924 | L59: 462 | M59: =L59 -> 462 | N59: 2 | O59: =M59-N59 -> 460 | P59: =(M59-N59)*10% -> 46 | Q59: =(M59-N59)*10% -> 46 | R59: =(M59-N59-P59-Q59)*20% -> 73.6 | S59: =(O59-P59-Q59-R59)*7% -> 20.608 | T59: =(M59-N59-P59-Q59-R59-S59)*10% -> 27.3792 | U59: =M59-N59-P59-Q59-R59-S59 -> 273.792 | V59: =U59-B59-D59 -> 246.4128 | X59: =100%-Y59-AA59-AC59-AE59-AG59-AI59-AK59-AM59-AO59-AQ59 -> 0.03 | Y59: =(97%-AA59-AC59-AE59-AG59-AI59-AK59-AM59-AO59-AQ59) -> 0.97 | Z59: =(V59*Y59)+Q59+R59 -> 358.62042 | AB59: =(V59*AA59) -> 0 | AF59: =V59*AE59 -> 0 | AH59: =V59*AG59 -> 0 | AJ59: =V59*AI59 -> 0 | AL59: =V59*AK59 -> 0 | AN59: =V59*AM59 -> 0 | AP59: =V59*AO59 -> 0 | AR59: =V59*AQ59 -> 0 | AT59: =X59*AS59 -> 0 | AU59: =V59*X59 -> 7.392384
A60: Na Oya | B60: =IF(A60="",0,((U60)*10%)) -> 27.3792 | D60: =IF(C60="",0,((U60)*5%)) -> 0 | F60: Colpa | G60: kdekom | H60: Da 4 | I60: Avril | J60: =L60*2 -> 924 | L60: 462 | M60: =L60 -> 462 | N60: 2 | O60: =M60-N60 -> 460 | P60: =(M60-N60)*10% -> 46 | Q60: =(M60-N60)*10% -> 46 | R60: =(M60-N60-P60-Q60)*20% -> 73.6 | S60: =(O60-P60-Q60-R60)*7% -> 20.608 | T60: =(M60-N60-P60-Q60-R60-S60)*10% -> 27.3792 | U60: =M60-N60-P60-Q60-R60-S60 -> 273.792 | V60: =U60-B60-D60 -> 246.4128 | X60: =100%-Y60-AA60-AC60-AE60-AG60-AI60-AK60-AM60-AO60-AQ60 -> 0.03 | Y60: =(97%-AA60-AC60-AE60-AG60-AI60-AK60-AM60-AO60-AQ60) -> 0.97 | Z60: =(V60*Y60)+Q60+R60 -> 358.62042 | AB60: =(V60*AA60) -> 0 | AF60: =V60*AE60 -> 0 | AH60: =V60*AG60 -> 0 | AJ60: =V60*AI60 -> 0 | AL60: =V60*AK60 -> 0 | AN60: =V60*AM60 -> 0 | AP60: =V60*AO60 -> 0 | AR60: =V60*AQ60 -> 0 | AT60: =X60*AS60 -> 0 | AU60: =V60*X60 -> 7.392384
A61: Na Oya | B61: =IF(A61="",0,((U61)*10%)) -> 27.49824 | D61: =IF(C61="",0,((U61)*5%)) -> 0 | F61: Colpa | G61: kdekom | H61: Da 5 | I61: Mai | J61: =L61*2 -> 924 | L61: 462 | M61: =L61 -> 462 | O61: =M61-N61 -> 462 | P61: =(M61-N61)*10% -> 46.2 | Q61: =(M61-N61)*10% -> 46.2 | R61: =(M61-N61-P61-Q61)*20% -> 73.92 | S61: =(O61-P61-Q61-R61)*7% -> 20.6976 | T61: =(M61-N61-P61-Q61-R61-S61)*10% -> 27.49824 | U61: =M61-N61-P61-Q61-R61-S61 -> 274.9824 | V61: =U61-B61-D61 -> 247.48416 | X61: =100%-Y61-AA61-AC61-AE61-AG61-AI61-AK61-AM61-AO61-AQ61 -> 0.03 | Y61: =(97%-AA61-AC61-AE61-AG61-AI61-AK61-AM61-AO61-AQ61) -> 0.97 | Z61: =(V61*Y61)+Q61+R61 -> 360.17964 | AB61: =(V61*AA61) -> 0 | AF61: =V61*AE61 -> 0 | AH61: =V61*AG61 -> 0 | AJ61: =V61*AI61 -> 0 | AL61: =V61*AK61 -> 0 | AN61: =V61*AM61 -> 0 | AP61: =V61*AO61 -> 0 | AR61: =V61*AQ61 -> 0 | AT61: =X61*AS61 -> 0 | AU61: =V61*X61 -> 7.4245248
B62: =IF(A62="",0,((U62)*10%)) -> 0 | D62: =IF(C62="",0,((U62)*5%)) -> 0 | F62: Colpa | G62: kdekom | H62: Da 6 | I62: Juin | J62: =L62*2 -> 924 | L62: 462 | M62: =L62 -> 462 | N62: 0 | O62: =M62-N62 -> 462 | P62: =(M62-N62)*10% -> 46.2 | Q62: =(M62-N62)*10% -> 46.2 | R62: =(M62-N62-P62-Q62)*20% -> 73.92 | S62: =(O62-P62-Q62-R62)*7% -> 20.6976 | T62: =(M62-N62-P62-Q62-R62-S62)*10% -> 27.49824 | U62: =M62-N62-P62-Q62-R62-S62 -> 274.9824 | V62: =U62-B62-D62 -> 274.9824 | X62: =100%-Y62-AA62-AC62-AE62-AG62-AI62-AK62-AM62-AO62-AQ62 -> 0.03 | Y62: =(97%-AA62-AC62-AE62-AG62-AI62-AK62-AM62-AO62-AQ62) -> 0.97 | Z62: =(V62*Y62)+Q62+R62 -> 386.85293 | AB62: =(V62*AA62) -> 0 | AF62: =V62*AE62 -> 0 | AH62: =V62*AG62 -> 0 | AJ62: =V62*AI62 -> 0 | AL62: =V62*AK62 -> 0 | AN62: =V62*AM62 -> 0 | AP62: =V62*AO62 -> 0 | AR62: =V62*AQ62 -> 0 | AT62: =X62*AS62 -> 0 | AU62: =V62*X62 -> 8.249472
B63: =IF(A63="",0,((U63)*10%)) -> 0 | D63: =IF(C63="",0,((U63)*5%)) -> 0 | F63: Colpa | G63: kdekom | H63: Da 7 | I63: Juillet | J63: =L63*2 -> 924 | L63: 462 | M63: =L63 -> 462 | N63: 0 | O63: =M63-N63 -> 462 | P63: =(M63-N63)*10% -> 46.2 | R63: =(M63-N63-P63-Q63)*20% -> 83.16 | S63: =(O63-P63-Q63-R63)*7% -> 23.2848 | T63: =(M63-N63-P63-Q63-R63-S63)*10% -> 30.93552 | U63: =M63-N63-P63-Q63-R63-S63 -> 309.3552 | V63: =U63-B63-D63 -> 309.3552 | X63: =100%-Y63-AA63-AC63-AE63-AG63-AI63-AK63-AM63-AO63-AQ63 -> 0.03 | Y63: =(97%-AA63-AC63-AE63-AG63-AI63-AK63-AM63-AO63-AQ63) -> 0.97 | Z63: =(V63*Y63)+Q63+R63 -> 383.23454 | AB63: =(V63*AA63) -> 0 | AF63: =V63*AE63 -> 0 | AH63: =V63*AG63 -> 0 | AJ63: =V63*AI63 -> 0 | AL63: =V63*AK63 -> 0 | AN63: =V63*AM63 -> 0 | AP63: =V63*AO63 -> 0 | AR63: =V63*AQ63 -> 0 | AT63: =X63*AS63 -> 0 | AU63: =V63*X63 -> 9.280656
B64: =IF(A64="",0,((U64)*10%)) -> 0 | D64: =IF(C64="",0,((U64)*5%)) -> 0 | F64: Colpa | G64: kdekom | H64: Da 8 | I64: Août | J64: =L64*2 -> 924 | L64: 462 | M64: =L64 -> 462 | N64: 0 | O64: =M64-N64 -> 462 | P64: =(M64-N64)*10% -> 46.2 | S64: =(O64-P64-Q64-R64)*7% -> 29.106 | T64: =(M64-N64-P64-Q64-R64-S64)*10% -> 38.6694 | U64: =M64-N64-P64-Q64-R64-S64 -> 386.694 | V64: =U64-B64-D64 -> 386.694 | X64: =100%-Y64-AA64-AC64-AE64-AG64-AI64-AK64-AM64-AO64-AQ64 -> 0.03 | Y64: =(97%-AA64-AC64-AE64-AG64-AI64-AK64-AM64-AO64-AQ64) -> 0.92 | Z64: =(V64*Y64)+Q64+R64 -> 355.75848 | AA64: 0.05 | AB64: =(V64*AA64) -> 19.3347 | AF64: =V64*AE64 -> 0 | AH64: =V64*AG64 -> 0 | AJ64: =V64*AI64 -> 0 | AL64: =V64*AK64 -> 0 | AN64: =V64*AM64 -> 0 | AP64: =V64*AO64 -> 0 | AR64: =V64*AQ64 -> 0 | AT64: =X64*AS64 -> 0 | AU64: =V64*X64 -> 11.60082
B65: =IF(A65="",0,((U65)*10%)) -> 0 | D65: =IF(C65="",0,((U65)*5%)) -> 0 | F65: Colpa | G65: kdekom | H65: Da 9 | I65: Septembre | J65: =L65*2 -> 924 | L65: 462 | M65: =L65 -> 462 | O65: =M65-N65 -> 462 | P65: =(M65-N65)*15% -> 69.3 | S65: =(O65-P65-Q65-R65)*7% -> 27.489 | U65: =M65-N65-P65-Q65-R65-S65 -> 365.211 | V65: =U65-B65-D65 -> 365.211 | X65: =100%-Y65-AA65-AC65-AE65-AG65-AI65-AK65-AM65-AO65-AQ65 -> 0.03 | Y65: =(97%-AA65-AC65-AE65-AG65-AI65-AK65-AM65-AO65-AQ65) -> 0.92 | Z65: =(V65*Y65)+Q65+R65 -> 335.99412 | AA65: 0.05 | AB65: =(V65*AA65) -> 18.26055 | AF65: =V65*AE65 -> 0 | AH65: =V65*AG65 -> 0 | AJ65: =V65*AI65 -> 0 | AL65: =V65*AK65 -> 0 | AN65: =V65*AM65 -> 0 | AP65: =V65*AO65 -> 0 | AR65: =V65*AQ65 -> 0 | AT65: =X65*AS65 -> 0 | AU65: =V65*X65 -> 10.95633
F66: Colpa | G66: kdekom | H66: Da 10 | I66: Octobre | J66: =L66*2 -> 924 | L66: 462 | M66: =L66 -> 462 | O66: =M66-N66 -> 462 | P66: =(M66-N66)*5% -> 23.1 | S66: =(O66-P66)*7% -> 30.723 | U66: =M66-N66-P66-Q66-R66-S66 -> 408.177 | V66: =U66-B66-D66 -> 408.177 | X66: =100%-Y66-AA66-AC66-AE66-AG66-AI66-AK66-AM66-AO66-AQ66 -> 0.01 | Y66: =(99%-AA66-AC66-AE66-AG66-AI66-AK66-AM66-AO66-AQ66) -> 0.78 | Z66: =(V66*Y66)+Q66+R66 -> 318.37806 | AA66: 0.15 | AB66: =(V66*AA66) -> 61.22655 | AC66: 0.06 | AD66: =V66*AC66 -> 24.49062 | AF66: =V66*AE66 -> 0 | AH66: =V66*AG66 -> 0 | AJ66: =V66*AI66 -> 0 | AL66: =V66*AK66 -> 0 | AN66: =V66*AM66 -> 0 | AP66: =V66*AO66 -> 0 | AR66: =V66*AQ66 -> 0 | AT66: =X66*AS66 -> 0 | AU66: =V66*X66 -> 4.08177
B67: =IF(A67="",0,((U67)*10%)) -> 0 | D67: =IF(C67="",0,((U67)*5%)) -> 0 | F67: Colpa | G67: kdekom | H67: Da 11 | I67: Novembre | J67: =L67*2 -> 924 | L67: 462 | N67: 0 | O67: =M67-N67 -> 0 | P67: =(M67-N67)*5% -> 0 | S67: =(O67-P67)*7% -> 0 | U67: =M67-N67-P67-Q67-R67-S67 -> 0 | V67: =U67-B67-D67 -> 0 | X67: =100%-Y67-AA67-AC67-AE67-AG67-AI67-AK67-AM67-AO67-AQ67 -> 0.01 | Y67: =(99%-AA67-AC67-AE67-AG67-AI67-AK67-AM67-AO67-AQ67) -> 0.78 | Z67: =(V67*Y67)+Q67+R67 -> 0 | AA67: 0.15 | AB67: =(V67*AA67) -> 0 | AC67: 0.06 | AD67: =V67*AC67 -> 0 | AF67: =V67*AE67 -> 0 | AH67: =V67*AG67 -> 0 | AJ67: =V67*AI67 -> 0 | AL67: =V67*AK67 -> 0 | AN67: =V67*AM67 -> 0 | AP67: =V67*AO67 -> 0 | AR67: =V67*AQ67 -> 0 | AT67: =X67*AS67 -> 0 | AU67: =V67*X67 -> 0
B68: =IF(A68="",0,((U68)*10%)) -> 0 | D68: =IF(C68="",0,((U68)*5%)) -> 0 | F68: Colpa | G68: kdekom | H68: Da 12 | I68: Décembre | J68: =L68*2 -> 924 | L68: 462 | N68: 0 | O68: =M68-N68 -> 0 | P68: =(M68-N68)*5% -> 0 | S68: =(O68-P68)*7% -> 0 | U68: =M68-N68-P68-Q68-R68-S68 -> 0 | V68: =U68-B68-D68 -> 0 | X68: =100%-Y68-AA68-AC68-AE68-AG68-AI68-AK68-AM68-AO68-AQ68 -> 0.01 | Y68: =(99%-AA68-AC68-AE68-AG68-AI68-AK68-AM68-AO68-AQ68) -> 0.78 | Z68: =(V68*Y68)+Q68+R68 -> 0 | AA68: 0.15 | AB68: =(V68*AA68) -> 0 | AC68: 0.06 | AD68: =V68*AC68 -> 0 | AF68: =V68*AE68 -> 0 | AH68: =V68*AG68 -> 0 | AJ68: =V68*AI68 -> 0 | AL68: =V68*AK68 -> 0 | AN68: =V68*AM68 -> 0 | AP68: =V68*AO68 -> 0 | AR68: =V68*AQ68 -> 0 | AT68: =X68*AS68 -> 0 | AU68: =V68*X68 -> 0
A70: Na Oya | B70: =IF(A70="",0,((U70)*10%)) -> 68.1504 | D70: =IF(C70="",0,((U70)*5%)) -> 0 | F70: Dono | G70: kdekom | H70: Da 1 | I70: Janvier | J70: =L70*2 -> 2294 | L70: 1147 | M70: =L70 -> 1147 | N70: 2 | O70: =M70-N70 -> 1145 | P70: =(M70-N70)*10% -> 114.5 | Q70: =(M70-N70)*10% -> 114.5 | R70: =(M70-N70-P70-Q70)*20% -> 183.2 | S70: =(O70-P70-Q70-R70)*7% -> 51.296 | T70: =(M70-N70-P70-Q70-R70-S70)*10% -> 68.1504 | U70: =M70-N70-P70-Q70-R70-S70 -> 681.504 | V70: =U70-B70-D70 -> 613.3536 | X70: =100%-Y70-AA70-AC70-AE70-AG70-AI70-AK70-AM70-AO70-AQ70 -> 0.03 | Y70: =(97%-AA70-AC70-AE70-AG70-AI70-AK70-AM70-AO70-AQ70) -> 0.97 | Z70: =(V70*Y70)+Q70+R70 -> 892.65299 | AB70: =(V70*AA70) -> 0 | AF70: =V70*AE70 -> 0 | AH70: =V70*AG70 -> 0 | AJ70: =V70*AI70 -> 0 | AL70: =V70*AK70 -> 0 | AN70: =V70*AM70 -> 0 | AP70: =V70*AO70 -> 0 | AR70: =V70*AQ70 -> 0 | AT70: =X70*AS70 -> 0 | AU70: =V70*X70 -> 18.400608
A71: Na Oya | B71: =IF(A71="",0,((U71)*10%)) -> 68.1504 | D71: =IF(C71="",0,((U71)*5%)) -> 0 | F71: Dono | G71: kdekom | H71: Da 2 | I71: Février | J71: =L71*2 -> 2294 | L71: 1147 | M71: =L71 -> 1147 | N71: 2 | O71: =M71-N71 -> 1145 | P71: =(M71-N71)*10% -> 114.5 | Q71: =(M71-N71)*10% -> 114.5 | R71: =(M71-N71-P71-Q71)*20% -> 183.2 | S71: =(O71-P71-Q71-R71)*7% -> 51.296 | T71: =(M71-N71-P71-Q71-R71-S71)*10% -> 68.1504 | U71: =M71-N71-P71-Q71-R71-S71 -> 681.504 | V71: =U71-B71-D71 -> 613.3536 | X71: =100%-Y71-AA71-AC71-AE71-AG71-AI71-AK71-AM71-AO71-AQ71 -> 0.03 | Y71: =(97%-AA71-AC71-AE71-AG71-AI71-AK71-AM71-AO71-AQ71) -> 0.97 | Z71: =(V71*Y71)+Q71+R71 -> 892.65299 | AB71: =(V71*AA71) -> 0 | AF71: =V71*AE71 -> 0 | AH71: =V71*AG71 -> 0 | AJ71: =V71*AI71 -> 0 | AL71: =V71*AK71 -> 0 | AN71: =V71*AM71 -> 0 | AP71: =V71*AO71 -> 0 | AR71: =V71*AQ71 -> 0 | AT71: =X71*AS71 -> 0 | AU71: =V71*X71 -> 18.400608
A72: Na Oya | B72: =IF(A72="",0,((U72)*10%)) -> 68.26944 | D72: =IF(C72="",0,((U72)*5%)) -> 0 | F72: Dono | G72: kdekom | H72: Da 3 | I72: Mars | J72: =L72*2 -> 2294 | L72: 1147 | M72: =L72 -> 1147 | O72: =M72-N72 -> 1147 | P72: =(M72-N72)*10% -> 114.7 | Q72: =(M72-N72)*10% -> 114.7 | R72: =(M72-N72-P72-Q72)*20% -> 183.52 | S72: =(O72-P72-Q72-R72)*7% -> 51.3856 | T72: =(M72-N72-P72-Q72-R72-S72)*10% -> 68.26944 | U72: =M72-N72-P72-Q72-R72-S72 -> 682.6944 | V72: =U72-B72-D72 -> 614.42496 | X72: =100%-Y72-AA72-AC72-AE72-AG72-AI72-AK72-AM72-AO72-AQ72 -> 0.03 | Y72: =(97%-AA72-AC72-AE72-AG72-AI72-AK72-AM72-AO72-AQ72) -> 0.97 | Z72: =(V72*Y72)+Q72+R72 -> 894.21221 | AB72: =(V72*AA72) -> 0 | AF72: =V72*AE72 -> 0 | AH72: =V72*AG72 -> 0 | AJ72: =V72*AI72 -> 0 | AL72: =V72*AK72 -> 0 | AN72: =V72*AM72 -> 0 | AP72: =V72*AO72 -> 0 | AR72: =V72*AQ72 -> 0 | AT72: =X72*AS72 -> 0 | AU72: =V72*X72 -> 18.432749
A73: Na Oya | B73: =IF(A73="",0,((U73)*10%)) -> 68.26944 | D73: =IF(C73="",0,((U73)*5%)) -> 0 | F73: Dono | G73: kdekom | H73: Da 4 | I73: Avril | J73: =L73*2 -> 2294 | L73: 1147 | M73: =L73 -> 1147 | O73: =M73-N73 -> 1147 | P73: =(M73-N73)*10% -> 114.7 | Q73: =(M73-N73)*10% -> 114.7 | R73: =(M73-N73-P73-Q73)*20% -> 183.52 | S73: =(O73-P73-Q73-R73)*7% -> 51.3856 | T73: =(M73-N73-P73-Q73-R73-S73)*10% -> 68.26944 | U73: =M73-N73-P73-Q73-R73-S73 -> 682.6944 | V73: =U73-B73-D73 -> 614.42496 | X73: =100%-Y73-AA73-AC73-AE73-AG73-AI73-AK73-AM73-AO73-AQ73 -> 0.03 | Y73: =(97%-AA73-AC73-AE73-AG73-AI73-AK73-AM73-AO73-AQ73) -> 0.97 | Z73: =(V73*Y73)+Q73+R73 -> 894.21221 | AB73: =(V73*AA73) -> 0 | AF73: =V73*AE73 -> 0 | AH73: =V73*AG73 -> 0 | AJ73: =V73*AI73 -> 0 | AL73: =V73*AK73 -> 0 | AN73: =V73*AM73 -> 0 | AP73: =V73*AO73 -> 0 | AR73: =V73*AQ73 -> 0 | AT73: =X73*AS73 -> 0 | AU73: =V73*X73 -> 18.432749
A74: Na Oya | B74: =IF(A74="",0,((U74)*10%)) -> 68.26944 | D74: =IF(C74="",0,((U74)*5%)) -> 0 | F74: Dono | G74: kdekom | H74: Da 5 | I74: Mai | J74: =L74*2 -> 2294 | L74: 1147 | M74: =L74 -> 1147 | O74: =M74-N74 -> 1147 | P74: =(M74-N74)*10% -> 114.7 | Q74: =(M74-N74)*10% -> 114.7 | R74: =(M74-N74-P74-Q74)*20% -> 183.52 | S74: =(O74-P74-Q74-R74)*7% -> 51.3856 | T74: =(M74-N74-P74-Q74-R74-S74)*10% -> 68.26944 | U74: =M74-N74-P74-Q74-R74-S74 -> 682.6944 | V74: =U74-B74-D74 -> 614.42496 | X74: =100%-Y74-AA74-AC74-AE74-AG74-AI74-AK74-AM74-AO74-AQ74 -> 0.03 | Y74: =(97%-AA74-AC74-AE74-AG74-AI74-AK74-AM74-AO74-AQ74) -> 0.97 | Z74: =(V74*Y74)+Q74+R74 -> 894.21221 | AB74: =(V74*AA74) -> 0 | AF74: =V74*AE74 -> 0 | AH74: =V74*AG74 -> 0 | AJ74: =V74*AI74 -> 0 | AL74: =V74*AK74 -> 0 | AN74: =V74*AM74 -> 0 | AP74: =V74*AO74 -> 0 | AR74: =V74*AQ74 -> 0 | AT74: =X74*AS74 -> 0 | AU74: =V74*X74 -> 18.432749
A75: Na Oya | B75: =IF(A75="",0,((U75)*10%)) -> 68.26944 | D75: =IF(C75="",0,((U75)*5%)) -> 0 | F75: Dono | G75: kdekom | H75: Da 6 | I75: Juin | J75: =L75*2 -> 2294 | L75: 1147 | M75: =L75 -> 1147 | N75: 0 | O75: =M75-N75 -> 1147 | P75: =(M75-N75)*10% -> 114.7 | Q75: =(M75-N75)*10% -> 114.7 | R75: =(M75-N75-P75-Q75)*20% -> 183.52 | S75: =(O75-P75-Q75-R75)*7% -> 51.3856 | T75: =(M75-N75-P75-Q75-R75-S75)*10% -> 68.26944 | U75: =M75-N75-P75-Q75-R75-S75 -> 682.6944 | V75: =U75-B75-D75 -> 614.42496 | X75: =100%-Y75-AA75-AC75-AE75-AG75-AI75-AK75-AM75-AO75-AQ75 -> 0.03 | Y75: =(97%-AA75-AC75-AE75-AG75-AI75-AK75-AM75-AO75-AQ75) -> 0.97 | Z75: =(V75*Y75)+Q75+R75 -> 894.21221 | AB75: =(V75*AA75) -> 0 | AF75: =V75*AE75 -> 0 | AH75: =V75*AG75 -> 0 | AJ75: =V75*AI75 -> 0 | AL75: =V75*AK75 -> 0 | AN75: =V75*AM75 -> 0 | AP75: =V75*AO75 -> 0 | AR75: =V75*AQ75 -> 0 | AT75: =X75*AS75 -> 0 | AU75: =V75*X75 -> 18.432749
B76: =IF(A76="",0,((U76)*10%)) -> 0 | D76: =IF(C76="",0,((U76)*5%)) -> 0 | F76: Dono | G76: kdekom | H76: Da 7 | I76: Juillet | J76: =L76*2 -> 2294 | L76: 1147 | M76: =L76 -> 1147 | N76: 0 | O76: =M76-N76 -> 1147 | P76: =(M76-N76)*10% -> 114.7 | R76: =(M76-N76-P76-Q76)*20% -> 206.46 | S76: =(O76-P76-Q76-R76)*7% -> 57.8088 | T76: =(M76-N76-P76-Q76-R76-S76)*10% -> 76.80312 | U76: =M76-N76-P76-Q76-R76-S76 -> 768.0312 | V76: =U76-B76-D76 -> 768.0312 | X76: =100%-Y76-AA76-AC76-AE76-AG76-AI76-AK76-AM76-AO76-AQ76 -> 0.03 | Y76: =(97%-AA76-AC76-AE76-AG76-AI76-AK76-AM76-AO76-AQ76) -> 0.97 | Z76: =(V76*Y76)+Q76+R76 -> 951.45026 | AB76: =(V76*AA76) -> 0 | AF76: =V76*AE76 -> 0 | AH76: =V76*AG76 -> 0 | AJ76: =V76*AI76 -> 0 | AL76: =V76*AK76 -> 0 | AN76: =V76*AM76 -> 0 | AP76: =V76*AO76 -> 0 | AR76: =V76*AQ76 -> 0 | AT76: =X76*AS76 -> 0 | AU76: =V76*X76 -> 23.040936
B77: =IF(A77="",0,((U77)*10%)) -> 0 | D77: =IF(C77="",0,((U77)*5%)) -> 0 | F77: Dono | G77: kdekom | H77: Da 8 | I77: Août | J77: =L77*2 -> 2294 | L77: 1147 | M77: =L77 -> 1147 | N77: 0 | O77: =M77-N77 -> 1147 | P77: =(M77-N77)*10% -> 114.7 | S77: =(O77-P77-Q77-R77)*7% -> 72.261 | T77: =(M77-N77-P77-Q77-R77-S77)*10% -> 96.0039 | U77: =M77-N77-P77-Q77-R77-S77 -> 960.039 | V77: =U77-B77-D77 -> 960.039 | X77: =100%-Y77-AA77-AC77-AE77-AG77-AI77-AK77-AM77-AO77-AQ77 -> 0.03 | Y77: =(97%-AA77-AC77-AE77-AG77-AI77-AK77-AM77-AO77-AQ77) -> 0.92 | Z77: =(V77*Y77)+Q77+R77 -> 883.23588 | AA77: 0.05 | AB77: =(V77*AA77) -> 48.00195 | AF77: =V77*AE77 -> 0 | AH77: =V77*AG77 -> 0 | AJ77: =V77*AI77 -> 0 | AL77: =V77*AK77 -> 0 | AN77: =V77*AM77 -> 0 | AP77: =V77*AO77 -> 0 | AR77: =V77*AQ77 -> 0 | AT77: =X77*AS77 -> 0 | AU77: =V77*X77 -> 28.80117
B78: =IF(A78="",0,((U78)*10%)) -> 0 | D78: =IF(C78="",0,((U78)*5%)) -> 0 | F78: Dono | G78: kdekom | H78: Da 9 | I78: Septembre | J78: =L78*2 -> 2294 | L78: 1147 | M78: =L78 -> 1147 | O78: =M78-N78 -> 1147 | P78: =(M78-N78)*15% -> 172.05 | S78: =(O78-P78-Q78-R78)*7% -> 68.2465 | U78: =M78-N78-P78-Q78-R78-S78 -> 906.7035 | V78: =U78-B78-D78 -> 906.7035 | X78: =100%-Y78-AA78-AC78-AE78-AG78-AI78-AK78-AM78-AO78-AQ78 -> 0.03 | Y78: =(97%-AA78-AC78-AE78-AG78-AI78-AK78-AM78-AO78-AQ78) -> 0.92 | Z78: =(V78*Y78)+Q78+R78 -> 834.16722 | AA78: 0.05 | AB78: =(V78*AA78) -> 45.335175 | AF78: =V78*AE78 -> 0 | AH78: =V78*AG78 -> 0 | AJ78: =V78*AI78 -> 0 | AL78: =V78*AK78 -> 0 | AN78: =V78*AM78 -> 0 | AP78: =V78*AO78 -> 0 | AR78: =V78*AQ78 -> 0 | AT78: =X78*AS78 -> 0 | AU78: =V78*X78 -> 27.201105
F79: Dono | G79: kdekom | H79: Da 10 | I79: Octobre | J79: =L79*2 -> 2294 | L79: 1147 | M79: =L79 -> 1147 | O79: =M79-N79 -> 1147 | P79: =(M79-N79)*5% -> 57.35 | S79: =(O79-P79)*7% -> 76.2755 | U79: =M79-N79-P79-Q79-R79-S79 -> 1013.3745 | V79: =U79-B79-D79 -> 1013.3745 | X79: =100%-Y79-AA79-AC79-AE79-AG79-AI79-AK79-AM79-AO79-AQ79 -> 0.01 | Y79: =(99%-AA79-AC79-AE79-AG79-AI79-AK79-AM79-AO79-AQ79) -> 0.78 | Z79: =(V79*Y79)+Q79+R79 -> 790.43211 | AA79: 0.15 | AB79: =(V79*AA79) -> 152.00618 | AC79: 0.06 | AD79: =V79*AC79 -> 60.80247 | AF79: =V79*AE79 -> 0 | AH79: =V79*AG79 -> 0 | AJ79: =V79*AI79 -> 0 | AL79: =V79*AK79 -> 0 | AN79: =V79*AM79 -> 0 | AP79: =V79*AO79 -> 0 | AR79: =V79*AQ79 -> 0 | AT79: =X79*AS79 -> 0 | AU79: =V79*X79 -> 10.133745
B80: =IF(A80="",0,((U80)*10%)) -> 0 | D80: =IF(C80="",0,((U80)*5%)) -> 0 | F80: Dono | G80: kdekom | H80: Da 11 | I80: Novembre | J80: =L80*2 -> 2294 | L80: 1147 | N80: 0 | O80: =M80-N80 -> 0 | P80: =(M80-N80)*5% -> 0 | S80: =(O80-P80)*7% -> 0 | U80: =M80-N80-P80-Q80-R80-S80 -> 0 | V80: =U80-B80-D80 -> 0 | X80: =100%-Y80-AA80-AC80-AE80-AG80-AI80-AK80-AM80-AO80-AQ80 -> 0.01 | Y80: =(99%-AA80-AC80-AE80-AG80-AI80-AK80-AM80-AO80-AQ80) -> 0.78 | Z80: =(V80*Y80)+Q80+R80 -> 0 | AA80: 0.15 | AB80: =(V80*AA80) -> 0 | AC80: 0.06 | AD80: =V80*AC80 -> 0 | AF80: =V80*AE80 -> 0 | AH80: =V80*AG80 -> 0 | AJ80: =V80*AI80 -> 0 | AL80: =V80*AK80 -> 0 | AN80: =V80*AM80 -> 0 | AP80: =V80*AO80 -> 0 | AR80: =V80*AQ80 -> 0 | AT80: =X80*AS80 -> 0 | AU80: =V80*X80 -> 0
B81: =IF(A81="",0,((U81)*10%)) -> 0 | D81: =IF(C81="",0,((U81)*5%)) -> 0 | F81: Dono | G81: kdekom | H81: Da 12 | I81: Décembre | J81: =L81*2 -> 2294 | L81: 1147 | N81: 0 | O81: =M81-N81 -> 0 | P81: =(M81-N81)*5% -> 0 | S81: =(O81-P81)*7% -> 0 | U81: =M81-N81-P81-Q81-R81-S81 -> 0 | V81: =U81-B81-D81 -> 0 | X81: =100%-Y81-AA81-AC81-AE81-AG81-AI81-AK81-AM81-AO81-AQ81 -> 0.01 | Y81: =(99%-AA81-AC81-AE81-AG81-AI81-AK81-AM81-AO81-AQ81) -> 0.78 | Z81: =(V81*Y81)+Q81+R81 -> 0 | AA81: 0.15 | AB81: =(V81*AA81) -> 0 | AC81: 0.06 | AD81: =V81*AC81 -> 0 | AF81: =V81*AE81 -> 0 | AH81: =V81*AG81 -> 0 | AJ81: =V81*AI81 -> 0 | AL81: =V81*AK81 -> 0 | AN81: =V81*AM81 -> 0 | AP81: =V81*AO81 -> 0 | AR81: =V81*AQ81 -> 0 | AT81: =X81*AS81 -> 0 | AU81: =V81*X81 -> 0
A83: Na Oya | B83: =IF(A83="",0,((U83)*10%)) -> 18.4512 | D83: =IF(C83="",0,((U83)*5%)) -> 0 | F83: Camcha | G83: kdekom | H83: Da 1 | I83: Janvier | J83: =L83*2 -> 620 | L83: 310 | M83: =L83 -> 310 | O83: =M83-N83 -> 310 | P83: =(M83-N83)*10% -> 31 | Q83: =(M83-N83)*10% -> 31 | R83: =(M83-N83-P83-Q83)*20% -> 49.6 | S83: =(O83-P83-Q83-R83)*7% -> 13.888 | U83: =M83-N83-P83-Q83-R83-S83 -> 184.512 | V83: =U83-B83-D83 -> 166.0608 | X83: =100%-Y83-AA83-AC83-AE83-AG83-AI83-AK83-AM83-AO83-AQ83 -> 0.03 | Y83: =(97%-AA83-AC83-AE83-AG83-AI83-AK83-AM83-AO83-AQ83) -> 0.97 | Z83: =(V83*Y83)+Q83+R83 -> 241.67898 | AB83: =(V83*AA83) -> 0 | AF83: =V83*AE83 -> 0 | AH83: =V83*AG83 -> 0 | AJ83: =V83*AI83 -> 0 | AL83: =V83*AK83 -> 0 | AN83: =V83*AM83 -> 0 | AP83: =V83*AO83 -> 0 | AR83: =V83*AQ83 -> 0 | AT83: =X83*AS83 -> 0 | AU83: =V83*X83 -> 4.981824
A84: Na Oya | B84: =IF(A84="",0,((U84)*10%)) -> 18.4512 | D84: =IF(C84="",0,((U84)*5%)) -> 0 | F84: Camcha | G84: kdekom | H84: Da 2 | I84: Février | J84: =L84*2 -> 620 | L84: 310 | M84: =L84 -> 310 | O84: =M84-N84 -> 310 | P84: =(M84-N84)*10% -> 31 | Q84: =(M84-N84)*10% -> 31 | R84: =(M84-N84-P84-Q84)*20% -> 49.6 | S84: =(O84-P84-Q84-R84)*7% -> 13.888 | U84: =M84-N84-P84-Q84-R84-S84 -> 184.512 | V84: =U84-B84-D84 -> 166.0608 | X84: =100%-Y84-AA84-AC84-AE84-AG84-AI84-AK84-AM84-AO84-AQ84 -> 0.03 | Y84: =(97%-AA84-AC84-AE84-AG84-AI84-AK84-AM84-AO84-AQ84) -> 0.97 | Z84: =(V84*Y84)+Q84+R84 -> 241.67898 | AB84: =(V84*AA84) -> 0 | AF84: =V84*AE84 -> 0 | AH84: =V84*AG84 -> 0 | AJ84: =V84*AI84 -> 0 | AL84: =V84*AK84 -> 0 | AN84: =V84*AM84 -> 0 | AP84: =V84*AO84 -> 0 | AR84: =V84*AQ84 -> 0 | AT84: =X84*AS84 -> 0 | AU84: =V84*X84 -> 4.981824
A85: Na Oya | B85: =IF(A85="",0,((U85)*10%)) -> 18.4512 | D85: =IF(C85="",0,((U85)*5%)) -> 0 | F85: Camcha | G85: kdekom | H85: Da 3 | I85: Mars | J85: =L85*2 -> 620 | L85: 310 | M85: =L85 -> 310 | O85: =M85-N85 -> 310 | P85: =(M85-N85)*10% -> 31 | Q85: =(M85-N85)*10% -> 31 | R85: =(M85-N85-P85-Q85)*20% -> 49.6 | S85: =(O85-P85-Q85-R85)*7% -> 13.888 | U85: =M85-N85-P85-Q85-R85-S85 -> 184.512 | V85: =U85-B85-D85 -> 166.0608 | X85: =100%-Y85-AA85-AC85-AE85-AG85-AI85-AK85-AM85-AO85-AQ85 -> 0.03 | Y85: =(97%-AA85-AC85-AE85-AG85-AI85-AK85-AM85-AO85-AQ85) -> 0.97 | Z85: =(V85*Y85)+Q85+R85 -> 241.67898 | AB85: =(V85*AA85) -> 0 | AF85: =V85*AE85 -> 0 | AH85: =V85*AG85 -> 0 | AJ85: =V85*AI85 -> 0 | AL85: =V85*AK85 -> 0 | AN85: =V85*AM85 -> 0 | AP85: =V85*AO85 -> 0 | AR85: =V85*AQ85 -> 0 | AT85: =X85*AS85 -> 0 | AU85: =V85*X85 -> 4.981824
A86: Na Oya | B86: =IF(A86="",0,((U86)*10%)) -> 18.4512 | D86: =IF(C86="",0,((U86)*5%)) -> 0 | F86: Camcha | G86: kdekom | H86: Da 4 | I86: Avril | J86: =L86*2 -> 620 | L86: 310 | M86: =L86 -> 310 | O86: =M86-N86 -> 310 | P86: =(M86-N86)*10% -> 31 | Q86: =(M86-N86)*10% -> 31 | R86: =(M86-N86-P86-Q86)*20% -> 49.6 | S86: =(O86-P86-Q86-R86)*7% -> 13.888 | U86: =M86-N86-P86-Q86-R86-S86 -> 184.512 | V86: =U86-B86-D86 -> 166.0608 | X86: =100%-Y86-AA86-AC86-AE86-AG86-AI86-AK86-AM86-AO86-AQ86 -> 0.03 | Y86: =(97%-AA86-AC86-AE86-AG86-AI86-AK86-AM86-AO86-AQ86) -> 0.97 | Z86: =(V86*Y86)+Q86+R86 -> 241.67898 | AB86: =(V86*AA86) -> 0 | AF86: =V86*AE86 -> 0 | AH86: =V86*AG86 -> 0 | AJ86: =V86*AI86 -> 0 | AL86: =V86*AK86 -> 0 | AN86: =V86*AM86 -> 0 | AP86: =V86*AO86 -> 0 | AR86: =V86*AQ86 -> 0 | AT86: =X86*AS86 -> 0 | AU86: =V86*X86 -> 4.981824
A87: Na Oya | B87: =IF(A87="",0,((U87)*10%)) -> 18.4512 | D87: =IF(C87="",0,((U87)*5%)) -> 0 | F87: Camcha | G87: kdekom | H87: Da 5 | I87: Mai | J87: =L87*2 -> 620 | L87: 310 | M87: =L87 -> 310 | O87: =M87-N87 -> 310 | P87: =(M87-N87)*10% -> 31 | Q87: =(M87-N87)*10% -> 31 | R87: =(M87-N87-P87-Q87)*20% -> 49.6 | S87: =(O87-P87-Q87-R87)*7% -> 13.888 | U87: =M87-N87-P87-Q87-R87-S87 -> 184.512 | V87: =U87-B87-D87 -> 166.0608 | X87: =100%-Y87-AA87-AC87-AE87-AG87-AI87-AK87-AM87-AO87-AQ87 -> 0.03 | Y87: =(97%-AA87-AC87-AE87-AG87-AI87-AK87-AM87-AO87-AQ87) -> 0.97 | Z87: =(V87*Y87)+Q87+R87 -> 241.67898 | AB87: =(V87*AA87) -> 0 | AF87: =V87*AE87 -> 0 | AH87: =V87*AG87 -> 0 | AJ87: =V87*AI87 -> 0 | AL87: =V87*AK87 -> 0 | AN87: =V87*AM87 -> 0 | AP87: =V87*AO87 -> 0 | AR87: =V87*AQ87 -> 0 | AT87: =X87*AS87 -> 0 | AU87: =V87*X87 -> 4.981824
B88: =IF(A88="",0,((U88)*10%)) -> 0 | D88: =IF(C88="",0,((U88)*5%)) -> 0 | F88: Camcha | G88: kdekom | H88: Da 6 | I88: Juin | J88: =L88*2 -> 620 | L88: 310 | M88: =L88 -> 310 | N88: 0 | O88: =M88-N88 -> 310 | P88: =(M88-N88)*10% -> 31 | Q88: =(M88-N88)*10% -> 31 | R88: =(M88-N88-P88-Q88)*20% -> 49.6 | S88: =(O88-P88-Q88-R88)*7% -> 13.888 | U88: =M88-N88-P88-Q88-R88-S88 -> 184.512 | V88: =U88-B88-D88 -> 184.512 | X88: =100%-Y88-AA88-AC88-AE88-AG88-AI88-AK88-AM88-AO88-AQ88 -> 0.03 | Y88: =(97%-AA88-AC88-AE88-AG88-AI88-AK88-AM88-AO88-AQ88) -> 0.97 | Z88: =(V88*Y88)+Q88+R88 -> 259.57664 | AB88: =(V88*AA88) -> 0 | AF88: =V88*AE88 -> 0 | AH88: =V88*AG88 -> 0 | AJ88: =V88*AI88 -> 0 | AL88: =V88*AK88 -> 0 | AN88: =V88*AM88 -> 0 | AP88: =V88*AO88 -> 0 | AR88: =V88*AQ88 -> 0 | AT88: =X88*AS88 -> 0 | AU88: =V88*X88 -> 5.53536
B89: =IF(A89="",0,((U89)*10%)) -> 0 | D89: =IF(C89="",0,((U89)*5%)) -> 0 | F89: Camcha | G89: kdekom | H89: Da 7 | I89: Juillet | J89: =L89*2 -> 620 | L89: 310 | M89: =L89 -> 310 | N89: 0 | O89: =M89-N89 -> 310 | P89: =(M89-N89)*10% -> 31 | R89: =(M89-N89-P89-Q89)*20% -> 55.8 | S89: =(O89-P89-Q89-R89)*7% -> 15.624 | U89: =M89-N89-P89-Q89-R89-S89 -> 207.576 | V89: =U89-B89-D89 -> 207.576 | X89: =100%-Y89-AA89-AC89-AE89-AG89-AI89-AK89-AM89-AO89-AQ89 -> 0.03 | Y89: =(97%-AA89-AC89-AE89-AG89-AI89-AK89-AM89-AO89-AQ89) -> 0.97 | Z89: =(V89*Y89)+Q89+R89 -> 257.14872 | AB89: =(V89*AA89) -> 0 | AF89: =V89*AE89 -> 0 | AH89: =V89*AG89 -> 0 | AJ89: =V89*AI89 -> 0 | AL89: =V89*AK89 -> 0 | AN89: =V89*AM89 -> 0 | AP89: =V89*AO89 -> 0 | AR89: =V89*AQ89 -> 0 | AT89: =X89*AS89 -> 0 | AU89: =V89*X89 -> 6.22728
B90: =IF(A90="",0,((U90)*10%)) -> 0 | D90: =IF(C90="",0,((U90)*5%)) -> 0 | F90: Camcha | G90: kdekom | H90: Da 8 | I90: Août | J90: =L90*2 -> 620 | L90: 310 | M90: =L90 -> 310 | N90: 0 | O90: =M90-N90 -> 310 | P90: =(M90-N90)*10% -> 31 | S90: =(O90-P90-Q90-R90)*7% -> 19.53 | U90: =M90-N90-P90-Q90-R90-S90 -> 259.47 | V90: =U90-B90-D90 -> 259.47 | X90: =100%-Y90-AA90-AC90-AE90-AG90-AI90-AK90-AM90-AO90-AQ90 -> 0.03 | Y90: =(97%-AA90-AC90-AE90-AG90-AI90-AK90-AM90-AO90-AQ90) -> 0.92 | Z90: =(V90*Y90)+Q90+R90 -> 238.7124 | AA90: 0.05 | AB90: =(V90*AA90) -> 12.9735 | AF90: =V90*AE90 -> 0 | AH90: =V90*AG90 -> 0 | AJ90: =V90*AI90 -> 0 | AL90: =V90*AK90 -> 0 | AN90: =V90*AM90 -> 0 | AP90: =V90*AO90 -> 0 | AR90: =V90*AQ90 -> 0 | AT90: =X90*AS90 -> 0 | AU90: =V90*X90 -> 7.7841
B91: =IF(A91="",0,((U91)*10%)) -> 0 | D91: =IF(C91="",0,((U91)*5%)) -> 0 | F91: Camcha | G91: kdekom | H91: Da 9 | I91: Septembre | J91: =L91*2 -> 620 | L91: 310 | M91: =L91 -> 310 | O91: =M91-N91 -> 310 | P91: =(M91-N91)*15% -> 46.5 | S91: =(O91-P91-Q91-R91)*7% -> 18.445 | U91: =M91-N91-P91-Q91-R91-S91 -> 245.055 | V91: =U91-B91-D91 -> 245.055 | X91: =100%-Y91-AA91-AC91-AE91-AG91-AI91-AK91-AM91-AO91-AQ91 -> 0.03 | Y91: =(97%-AA91-AC91-AE91-AG91-AI91-AK91-AM91-AO91-AQ91) -> 0.92 | Z91: =(V91*Y91)+Q91+R91 -> 225.4506 | AA91: 0.05 | AB91: =(V91*AA91) -> 12.25275 | AF91: =V91*AE91 -> 0 | AH91: =V91*AG91 -> 0 | AJ91: =V91*AI91 -> 0 | AL91: =V91*AK91 -> 0 | AN91: =V91*AM91 -> 0 | AP91: =V91*AO91 -> 0 | AR91: =V91*AQ91 -> 0 | AT91: =X91*AS91 -> 0 | AU91: =V91*X91 -> 7.35165
F92: Camcha | G92: kdekom | H92: Da 10 | I92: Octobre | J92: =L92*2 -> 620 | L92: 310 | M92: =L92 -> 310 | O92: =M92-N92 -> 310 | P92: =(M92-N92)*5% -> 15.5 | S92: =(O92-P92)*7% -> 20.615 | U92: =M92-N92-P92-Q92-R92-S92 -> 273.885 | V92: =U92-B92-D92 -> 273.885 | X92: =100%-Y92-AA92-AC92-AE92-AG92-AI92-AK92-AM92-AO92-AQ92 -> 0.01 | Y92: =(99%-AA92-AC92-AE92-AG92-AI92-AK92-AM92-AO92-AQ92) -> 0.78 | Z92: =(V92*Y92)+Q92+R92 -> 213.6303 | AA92: 0.15 | AB92: =(V92*AA92) -> 41.08275 | AC92: 0.06 | AD92: =V92*AC92 -> 16.4331 | AF92: =V92*AE92 -> 0 | AH92: =V92*AG92 -> 0 | AJ92: =V92*AI92 -> 0 | AL92: =V92*AK92 -> 0 | AN92: =V92*AM92 -> 0 | AP92: =V92*AO92 -> 0 | AR92: =V92*AQ92 -> 0 | AT92: =X92*AS92 -> 0 | AU92: =V92*X92 -> 2.73885
B93: =IF(A93="",0,((U93)*10%)) -> 0 | D93: =IF(C93="",0,((U93)*5%)) -> 0 | F93: Camcha | G93: kdekom | H93: Da 11 | I93: Novembre | J93: =L93*2 -> 620 | L93: 310 | N93: 0 | O93: =M93-N93 -> 0 | P93: =(M93-N93)*5% -> 0 | S93: =(O93-P93)*7% -> 0 | U93: =M93-N93-P93-Q93-R93-S93 -> 0 | V93: =U93-B93-D93 -> 0 | X93: =100%-Y93-AA93-AC93-AE93-AG93-AI93-AK93-AM93-AO93-AQ93 -> 0.01 | Y93: =(99%-AA93-AC93-AE93-AG93-AI93-AK93-AM93-AO93-AQ93) -> 0.78 | Z93: =(V93*Y93)+Q93+R93 -> 0 | AA93: 0.15 | AB93: =(V93*AA93) -> 0 | AC93: 0.06 | AD93: =V93*AC93 -> 0 | AF93: =V93*AE93 -> 0 | AH93: =V93*AG93 -> 0 | AJ93: =V93*AI93 -> 0 | AL93: =V93*AK93 -> 0 | AN93: =V93*AM93 -> 0 | AP93: =V93*AO93 -> 0 | AR93: =V93*AQ93 -> 0 | AT93: =X93*AS93 -> 0 | AU93: =V93*X93 -> 0
B94: =IF(A94="",0,((U94)*10%)) -> 0 | D94: =IF(C94="",0,((U94)*5%)) -> 0 | F94: Camcha | G94: kdekom | H94: Da 12 | I94: Décembre | J94: =L94*2 -> 620 | L94: 310 | N94: 0 | O94: =M94-N94 -> 0 | P94: =(M94-N94)*5% -> 0 | S94: =(O94-P94)*7% -> 0 | U94: =M94-N94-P94-Q94-R94-S94 -> 0 | V94: =U94-B94-D94 -> 0 | X94: =100%-Y94-AA94-AC94-AE94-AG94-AI94-AK94-AM94-AO94-AQ94 -> 0.01 | Y94: =(99%-AA94-AC94-AE94-AG94-AI94-AK94-AM94-AO94-AQ94) -> 0.78 | Z94: =(V94*Y94)+Q94+R94 -> 0 | AA94: 0.15 | AB94: =(V94*AA94) -> 0 | AC94: 0.06 | AD94: =V94*AC94 -> 0 | AF94: =V94*AE94 -> 0 | AH94: =V94*AG94 -> 0 | AJ94: =V94*AI94 -> 0 | AL94: =V94*AK94 -> 0 | AN94: =V94*AM94 -> 0 | AP94: =V94*AO94 -> 0 | AR94: =V94*AQ94 -> 0 | AT94: =X94*AS94 -> 0 | AU94: =V94*X94 -> 0
B96: =IF(A96="",0,((U96)*10%)) -> 0 | D96: =IF(C96="",0,((U96)*5%)) -> 0 | F96: Etsivous | G96: kdekom | H96: Da 1 | I96: Janvier | J96: =L96*2 -> 584 | L96: 292 | M96: =L96 -> 292 | O96: =M96-N96 -> 292 | P96: =(M96-N96)*10% -> 29.2 | Q96: =(M96-N96)*10% -> 29.2 | R96: =(M96-N96-P96-Q96)*20% -> 46.72 | U96: =M96-N96-P96-Q96-R96-S96 -> 186.88 | V96: =U96-B96-D96 -> 186.88 | X96: =100%-Y96-AA96-AC96-AE96-AG96-AI96-AK96-AM96-AO96-AQ96 -> 0.03 | Y96: =(97%-AA96-AC96-AE96-AG96-AI96-AK96-AM96-AO96-AQ96) -> 0.97 | Z96: =(V96*Y96)+Q96+R96 -> 257.1936 | AB96: =(V96*AA96) -> 0 | AF96: =V96*AE96 -> 0 | AH96: =V96*AG96 -> 0 | AJ96: =V96*AI96 -> 0 | AL96: =V96*AK96 -> 0 | AN96: =V96*AM96 -> 0 | AP96: =V96*AO96 -> 0 | AR96: =V96*AQ96 -> 0 | AT96: =X96*AS96 -> 0 | AU96: =V96*X96 -> 5.6064
B97: =IF(A97="",0,((U97)*10%)) -> 0 | D97: =IF(C97="",0,((U97)*5%)) -> 0 | F97: Etsivous | G97: kdekom | H97: Da 2 | I97: Février | J97: =L97*2 -> 584 | L97: 292 | M97: =L97 -> 292 | O97: =M97-N97 -> 292 | P97: =(M97-N97)*10% -> 29.2 | Q97: =(M97-N97)*10% -> 29.2 | R97: =(M97-N97-P97-Q97)*20% -> 46.72 | U97: =M97-N97-P97-Q97-R97-S97 -> 186.88 | V97: =U97-B97-D97 -> 186.88 | X97: =100%-Y97-AA97-AC97-AE97-AG97-AI97-AK97-AM97-AO97-AQ97 -> 0.03 | Y97: =(97%-AA97-AC97-AE97-AG97-AI97-AK97-AM97-AO97-AQ97) -> 0.97 | Z97: =(V97*Y97)+Q97+R97 -> 257.1936 | AB97: =(V97*AA97) -> 0 | AF97: =V97*AE97 -> 0 | AH97: =V97*AG97 -> 0 | AJ97: =V97*AI97 -> 0 | AL97: =V97*AK97 -> 0 | AN97: =V97*AM97 -> 0 | AP97: =V97*AO97 -> 0 | AR97: =V97*AQ97 -> 0 | AT97: =X97*AS97 -> 0 | AU97: =V97*X97 -> 5.6064
B98: =IF(A98="",0,((U98)*10%)) -> 0 | D98: =IF(C98="",0,((U98)*5%)) -> 0 | F98: Etsivous | G98: kdekom | H98: Da 3 | I98: Mars | J98: =L98*2 -> 584 | L98: 292 | M98: =L98 -> 292 | O98: =M98-N98 -> 292 | P98: =(M98-N98)*10% -> 29.2 | Q98: =(M98-N98)*10% -> 29.2 | R98: =(M98-N98-P98-Q98)*20% -> 46.72 | U98: =M98-N98-P98-Q98-R98-S98 -> 186.88 | V98: =U98-B98-D98 -> 186.88 | X98: =100%-Y98-AA98-AC98-AE98-AG98-AI98-AK98-AM98-AO98-AQ98 -> 0.03 | Y98: =(97%-AA98-AC98-AE98-AG98-AI98-AK98-AM98-AO98-AQ98) -> 0.97 | Z98: =(V98*Y98)+Q98+R98 -> 257.1936 | AB98: =(V98*AA98) -> 0 | AF98: =V98*AE98 -> 0 | AH98: =V98*AG98 -> 0 | AJ98: =V98*AI98 -> 0 | AL98: =V98*AK98 -> 0 | AN98: =V98*AM98 -> 0 | AP98: =V98*AO98 -> 0 | AR98: =V98*AQ98 -> 0 | AT98: =X98*AS98 -> 0 | AU98: =V98*X98 -> 5.6064
B99: =IF(A99="",0,((U99)*10%)) -> 0 | D99: =IF(C99="",0,((U99)*5%)) -> 0 | F99: Etsivous | G99: kdekom | H99: Da 6 | I99: Juin | J99: =L99*2 -> 584 | L99: 292 | M99: =L99 -> 292 | O99: =M99-N99 -> 292 | P99: =(M99-N99)*10% -> 29.2 | Q99: =(M99-N99)*10% -> 29.2 | R99: =(M99-N99-P99-Q99)*20% -> 46.72 | U99: =M99-N99-P99-Q99-R99-S99 -> 186.88 | V99: =U99-B99-D99 -> 186.88 | X99: =100%-Y99-AA99-AC99-AE99-AG99-AI99-AK99-AM99-AO99-AQ99 -> 0.03 | Y99: =(97%-AA99-AC99-AE99-AG99-AI99-AK99-AM99-AO99-AQ99) -> 0.97 | Z99: =(V99*Y99)+Q99+R99 -> 257.1936 | AB99: =(V99*AA99) -> 0 | AF99: =V99*AE99 -> 0 | AH99: =V99*AG99 -> 0 | AJ99: =V99*AI99 -> 0 | AL99: =V99*AK99 -> 0 | AN99: =V99*AM99 -> 0 | AP99: =V99*AO99 -> 0 | AR99: =V99*AQ99 -> 0 | AT99: =X99*AS99 -> 0 | AU99: =V99*X99 -> 5.6064
B100: =IF(A100="",0,((U100)*10%)) -> 0 | D100: =IF(C100="",0,((U100)*5%)) -> 0 | F100: Etsivous | G100: kdekom | H100: Da 7 | I100: Juillet | J100: =L100*2 -> 584 | L100: 292 | M100: =L100 -> 292 | N100: 0 | O100: =M100-N100 -> 292 | P100: =(M100-N100)*10% -> 29.2 | R100: =(M100-N100-P100-Q100)*20% -> 52.56 | U100: =M100-N100-P100-Q100-R100-S100 -> 210.24 | V100: =U100-B100-D100 -> 210.24 | X100: =100%-Y100-AA100-AC100-AE100-AG100-AI100-AK100-AM100-AO100-AQ100 -> 0.03 | Y100: =(97%-AA100-AC100-AE100-AG100-AI100-AK100-AM100-AO100-AQ100) -> 0.97 | Z100: =(V100*Y100)+Q100+R100 -> 256.4928 | AB100: =(V100*AA100) -> 0 | AF100: =V100*AE100 -> 0 | AH100: =V100*AG100 -> 0 | AJ100: =V100*AI100 -> 0 | AL100: =V100*AK100 -> 0 | AN100: =V100*AM100 -> 0 | AP100: =V100*AO100 -> 0 | AR100: =V100*AQ100 -> 0 | AT100: =X100*AS100 -> 0 | AU100: =V100*X100 -> 6.3072
B101: =IF(A101="",0,((U101)*10%)) -> 0 | D101: =IF(C101="",0,((U101)*5%)) -> 0 | F101: Etsivous | G101: kdekom | H101: Da 8 | I101: Août | J101: =L101*2 -> 584 | L101: 292 | M101: =L101 -> 292 | N101: 0 | O101: =M101-N101 -> 292 | P101: =(M101-N101)*10% -> 29.2 | U101: =M101-N101-P101-Q101-R101-S101 -> 262.8 | V101: =U101-B101-D101 -> 262.8 | X101: =100%-Y101-AA101-AC101-AE101-AG101-AI101-AK101-AM101-AO101-AQ101 -> 0.03 | Y101: =(97%-AA101-AC101-AE101-AG101-AI101-AK101-AM101-AO101-AQ101) -> 0.97 | Z101: =(V101*Y101)+Q101+R101 -> 254.916 | AB101: =(V101*AA101) -> 0 | AF101: =V101*AE101 -> 0 | AH101: =V101*AG101 -> 0 | AJ101: =V101*AI101 -> 0 | AL101: =V101*AK101 -> 0 | AN101: =V101*AM101 -> 0 | AP101: =V101*AO101 -> 0 | AR101: =V101*AQ101 -> 0 | AT101: =X101*AS101 -> 0 | AU101: =V101*X101 -> 7.884
A103: Donovan | B103: =IF(A103="",0,((U103)*10%)) -> 26.36736 | D103: =IF(C103="",0,((U103)*5%)) -> 0 | F103: Granit | G103: kdekom | H103: Da 1 | I103: Janvier | J103: =L103*2 -> 890 | L103: 445 | M103: =L103 -> 445 | N103: 2 | O103: =M103-N103 -> 443 | P103: =(M103-N103)*10% -> 44.3 | Q103: =(M103-N103)*10% -> 44.3 | R103: =(M103-N103-P103-Q103)*20% -> 70.88 | S103: =(O103-P103-Q103-R103)*7% -> 19.8464 | T103: =(M103-N103-P103-Q103-R103-S103)*10% -> 26.36736 | U103: =M103-N103-P103-Q103-R103-S103 -> 263.6736 | V103: =U103-B103-D103 -> 237.30624 | X103: =100%-Y103-AA103-AC103-AE103-AG103-AI103-AK103-AM103-AO103-AQ103 -> 0.03 | Y103: =(97%-AA103-AC103-AE103-AG103-AI103-AK103-AM103-AO103-AQ103) -> 0.97 | Z103: =(V103*Y103)+Q103+R103 -> 345.36705 | AB103: =(V103*AA103) -> 0 | AF103: =V103*AE103 -> 0 | AH103: =V103*AG103 -> 0 | AJ103: =V103*AI103 -> 0 | AL103: =V103*AK103 -> 0 | AN103: =V103*AM103 -> 0 | AP103: =V103*AO103 -> 0 | AR103: =V103*AQ103 -> 0 | AT103: =X103*AS103 -> 0 | AU103: =V103*X103 -> 7.1191872
A104: Donovan | B104: =IF(A104="",0,((U104)*10%)) -> 26.36736 | D104: =IF(C104="",0,((U104)*5%)) -> 0 | F104: =F103 -> Granit | G104: kdekom | H104: Da 2 | I104: Février | J104: =L104*2 -> 890 | L104: =L103 -> 445 | M104: =L104 -> 445 | N104: 2 | O104: =M104-N104 -> 443 | P104: =(M104-N104)*10% -> 44.3 | Q104: =(M104-N104)*10% -> 44.3 | R104: =(M104-N104-P104-Q104)*20% -> 70.88 | S104: =(O104-P104-Q104-R104)*7% -> 19.8464 | T104: =(M104-N104-P104-Q104-R104-S104)*10% -> 26.36736 | U104: =M104-N104-P104-Q104-R104-S104 -> 263.6736 | V104: =U104-B104-D104 -> 237.30624 | X104: =100%-Y104-AA104-AC104-AE104-AG104-AI104-AK104-AM104-AO104-AQ104 -> 0.03 | Y104: =(97%-AA104-AC104-AE104-AG104-AI104-AK104-AM104-AO104-AQ104) -> 0.97 | Z104: =(V104*Y104)+Q104+R104 -> 345.36705 | AB104: =(V104*AA104) -> 0 | AF104: =V104*AE104 -> 0 | AH104: =V104*AG104 -> 0 | AJ104: =V104*AI104 -> 0 | AL104: =V104*AK104 -> 0 | AN104: =V104*AM104 -> 0 | AP104: =V104*AO104 -> 0 | AR104: =V104*AQ104 -> 0 | AT104: =X104*AS104 -> 0 | AU104: =V104*X104 -> 7.1191872
A105: Donovan | B105: =IF(A105="",0,((U105)*10%)) -> 26.36736 | D105: =IF(C105="",0,((U105)*5%)) -> 0 | F105: =F103 -> Granit | G105: kdekom | H105: Da 3 | I105: Mars | J105: =L105*2 -> 890 | L105: =L103 -> 445 | M105: =L105 -> 445 | N105: 2 | O105: =M105-N105 -> 443 | P105: =(M105-N105)*10% -> 44.3 | Q105: =(M105-N105)*10% -> 44.3 | R105: =(M105-N105-P105-Q105)*20% -> 70.88 | S105: =(O105-P105-Q105-R105)*7% -> 19.8464 | T105: =(M105-N105-P105-Q105-R105-S105)*10% -> 26.36736 | U105: =M105-N105-P105-Q105-R105-S105 -> 263.6736 | V105: =U105-B105-D105 -> 237.30624 | X105: =100%-Y105-AA105-AC105-AE105-AG105-AI105-AK105-AM105-AO105-AQ105 -> 0.03 | Y105: =(97%-AA105-AC105-AE105-AG105-AI105-AK105-AM105-AO105-AQ105) -> 0.97 | Z105: =(V105*Y105)+Q105+R105 -> 345.36705 | AB105: =(V105*AA105) -> 0 | AF105: =V105*AE105 -> 0 | AH105: =V105*AG105 -> 0 | AJ105: =V105*AI105 -> 0 | AL105: =V105*AK105 -> 0 | AN105: =V105*AM105 -> 0 | AP105: =V105*AO105 -> 0 | AR105: =V105*AQ105 -> 0 | AT105: =X105*AS105 -> 0 | AU105: =V105*X105 -> 7.1191872
A106: Donovan | B106: =IF(A106="",0,((U106)*10%)) -> 26.36736 | D106: =IF(C106="",0,((U106)*5%)) -> 0 | F106: =F103 -> Granit | G106: kdekom | H106: Da 4 | I106: Avril | J106: =L106*2 -> 890 | L106: =L103 -> 445 | M106: =L106 -> 445 | N106: 2 | O106: =M106-N106 -> 443 | P106: =(M106-N106)*10% -> 44.3 | Q106: =(M106-N106)*10% -> 44.3 | R106: =(M106-N106-P106-Q106)*20% -> 70.88 | S106: =(O106-P106-Q106-R106)*7% -> 19.8464 | T106: =(M106-N106-P106-Q106-R106-S106)*10% -> 26.36736 | U106: =M106-N106-P106-Q106-R106-S106 -> 263.6736 | V106: =U106-B106-D106 -> 237.30624 | X106: =100%-Y106-AA106-AC106-AE106-AG106-AI106-AK106-AM106-AO106-AQ106 -> 0.03 | Y106: =(97%-AA106-AC106-AE106-AG106-AI106-AK106-AM106-AO106-AQ106) -> 0.97 | Z106: =(V106*Y106)+Q106+R106 -> 345.36705 | AB106: =(V106*AA106) -> 0 | AF106: =V106*AE106 -> 0 | AH106: =V106*AG106 -> 0 | AJ106: =V106*AI106 -> 0 | AL106: =V106*AK106 -> 0 | AN106: =V106*AM106 -> 0 | AP106: =V106*AO106 -> 0 | AR106: =V106*AQ106 -> 0 | AT106: =X106*AS106 -> 0 | AU106: =V106*X106 -> 7.1191872
A107: Donovan | B107: =IF(A107="",0,((U107)*10%)) -> 26.36736 | D107: =IF(C107="",0,((U107)*5%)) -> 0 | F107: =F103 -> Granit | G107: kdekom | H107: Da 5 | I107: Mai | J107: =L107*2 -> 890 | L107: =L103 -> 445 | M107: =L107 -> 445 | N107: 2 | O107: =M107-N107 -> 443 | P107: =(M107-N107)*10% -> 44.3 | Q107: =(M107-N107)*10% -> 44.3 | R107: =(M107-N107-P107-Q107)*20% -> 70.88 | S107: =(O107-P107-Q107-R107)*7% -> 19.8464 | T107: =(M107-N107-P107-Q107-R107-S107)*10% -> 26.36736 | U107: =M107-N107-P107-Q107-R107-S107 -> 263.6736 | V107: =U107-B107-D107 -> 237.30624 | X107: =100%-Y107-AA107-AC107-AE107-AG107-AI107-AK107-AM107-AO107-AQ107 -> 0.03 | Y107: =(97%-AA107-AC107-AE107-AG107-AI107-AK107-AM107-AO107-AQ107) -> 0.97 | Z107: =(V107*Y107)+Q107+R107 -> 345.36705 | AB107: =(V107*AA107) -> 0 | AF107: =V107*AE107 -> 0 | AH107: =V107*AG107 -> 0 | AJ107: =V107*AI107 -> 0 | AL107: =V107*AK107 -> 0 | AN107: =V107*AM107 -> 0 | AP107: =V107*AO107 -> 0 | AR107: =V107*AQ107 -> 0 | AT107: =X107*AS107 -> 0 | AU107: =V107*X107 -> 7.1191872
B108: =IF(A108="",0,((U108)*10%)) -> 0 | D108: =IF(C108="",0,((U108)*5%)) -> 0 | F108: =F103 -> Granit | G108: kdekom | H108: Da 6 | I108: Juin | J108: =L108*2 -> 890 | L108: =L103 -> 445 | M108: =L108 -> 445 | O108: =M108-N108 -> 445 | P108: =(M108-N108)*10% -> 44.5 | Q108: =(M108-N108)*10% -> 44.5 | R108: =(M108-N108-P108-Q108)*20% -> 71.2 | S108: =(O108-P108-Q108-R108)*7% -> 19.936 | T108: =(M108-N108-P108-Q108-R108-S108)*10% -> 26.4864 | U108: =M108-N108-P108-Q108-R108-S108 -> 264.864 | V108: =U108-B108-D108 -> 264.864 | X108: =100%-Y108-AA108-AC108-AE108-AG108-AI108-AK108-AM108-AO108-AQ108 -> 0.03 | Y108: =(97%-AA108-AC108-AE108-AG108-AI108-AK108-AM108-AO108-AQ108) -> 0.97 | Z108: =(V108*Y108)+Q108+R108 -> 372.61808 | AB108: =(V108*AA108) -> 0 | AF108: =V108*AE108 -> 0 | AH108: =V108*AG108 -> 0 | AJ108: =V108*AI108 -> 0 | AL108: =V108*AK108 -> 0 | AN108: =V108*AM108 -> 0 | AP108: =V108*AO108 -> 0 | AR108: =V108*AQ108 -> 0 | AT108: =X108*AS108 -> 0 | AU108: =V108*X108 -> 7.94592
...

Sheet Données
A1: Apporteur | B1: Parrain | C1: Gestion | D1: Mois | E1: Client | F1: Réglé
A2: Eric A | B2: Eric A | C2: L'Agence | D2: Janvier | E2: Adrian | F2: OUI
A3: Fred | B3: Fred | C3: KdeKom | D3: Février | E3: Argan | F3: NON
A4: Hervé | B4: Hervé | C4: Consultant | D4: Mars | E4: Aupus
A5: Dono | B5: Dono | C5: 1paKt | D5: Avril | E5: Camcha
A6: Colpa | B6: Colpa | C6: 0.09 | D6: Mai | E6: Camping
A7: Na Oya | B7: Na Oya | C7: 100Tretiens | D7: Juin | E7: Hervé
A8: B&A | B8: B&A | C8: 1talent | D8: Juillet | E8: Colpa
A9: Vero | B9: Vero | C9: Clik&Teck | D9: Août | E9: Dono
A10: Sns | B10: Sns | D10: Septembre | E10: Etsivous
A11: Acte | B11: Acte | D11: Octobre | E11: Naomi
A12: Damien | B12: Damien | D12: Novembre | E12: Granit
D13: Décembre | E13: Max
E14: Julie
E15: Hakim
E16: LeanMgt
E17: Limeo
E18: J.Seb
E19: Olivier
E20: L'Agence
E21: WineMoment
E22: x
E23: Sns
E24: Hugo
E25: TheMain
... E43: Annick
